"ID_Venta","Fecha","Producto","Categoria","Cantidad","Precio_Unitario","Descuento_Aplicado","Total_Venta","Canal_Venta","Metodo_Pago"
1001,2023-01-01,"Smartphone","Móvil",5,407.67,0,2038.35,"Tienda Física","Mercado Pago"
1002,2023-01-03,"Laptop","Computación",2,871.24,0.15,1481.11,"App","Mercado Pago"
1003,2023-01-05,"Teclado Mecánico","Periféricos",4,627.87,0,2511.48,"Tienda Física","Mercado Pago"
1004,2023-01-07,"Laptop","Computación",2,1180.04,0.1,2124.07,"Online","Efectivo"
1005,2023-01-09,"Monitor","Computación",4,537.75,0.1,1935.9,"Online","Efectivo"
1006,2023-01-11,"Tablet","Móvil",2,535.14,0.15,909.74,"App","Tarjeta de Crédito"
1007,2023-01-13,"Smartphone","Móvil",2,1183.25,0.05,2248.17,"App","Transferencia"
1008,2023-01-15,"Cámara Web","Accesorios",2,589.69,0.15,1002.47,"Tienda Física","Tarjeta de Crédito"
1009,2023-01-17,"Audífonos","Audio",4,483.44,0.15,1643.7,"Tienda Física","Mercado Pago"
1010,2023-01-19,"Laptop","Computación",3,264.08,0.1,713.02,"Online","Efectivo"
1011,2023-01-21,"Laptop","Computación",2,758.11,0.05,1440.41,"Tienda Física","Mercado Pago"
1012,2023-01-23,"Monitor","Computación",5,103.74,0.1,466.83,"Tienda Física","Tarjeta de Crédito"
1013,2023-01-25,"Laptop","Computación",5,519.36,0,2596.8,"App","Mercado Pago"
1014,2023-01-27,"Audífonos","Audio",2,857.04,0,1714.08,"Online","Transferencia"
1015,2023-01-29,"Monitor","Computación",5,50.3,0,251.5,"Tienda Física","Efectivo"
1016,2023-01-31,"Tablet","Móvil",2,832.81,0.15,1415.78,"Online","Tarjeta de Crédito"
1017,2023-02-02,"Audífonos","Audio",5,811.17,0,4055.85,"App","Tarjeta de Crédito"
1018,2023-02-04,"Laptop","Computación",3,494.58,0,1483.74,"Tienda Física","Transferencia"
1019,2023-02-06,"Reloj Inteligente","Wearables",4,543.72,0,2174.88,"Online","Efectivo"
1020,2023-02-08,"Audífonos","Audio",3,1221.73,0.05,3481.93,"Online","Transferencia"
1021,2023-02-10,"Cámara Web","Accesorios",1,150.33,0.05,142.81,"Online","Efectivo"
1022,2023-02-12,"Teclado Mecánico","Periféricos",2,417.03,0.05,792.36,"Tienda Física","Mercado Pago"
1023,2023-02-14,"Smartphone","Móvil",3,898.24,0,2694.72,"Online","Transferencia"
1024,2023-02-16,"Teclado Mecánico","Periféricos",1,738.12,0.05,701.21,"App","Tarjeta de Crédito"
1025,2023-02-18,"Reloj Inteligente","Wearables",3,195.22,0,585.66,"Online","Mercado Pago"
1026,2023-02-20,"Cámara Web","Accesorios",1,220.61,0.1,198.55,"Tienda Física","Tarjeta de Crédito"
1027,2023-02-22,"Reloj Inteligente","Wearables",4,1197.38,0.1,4310.57,"Tienda Física","Tarjeta de Crédito"
1028,2023-02-24,"Teclado Mecánico","Periféricos",4,211.09,0.15,717.71,"Tienda Física","Efectivo"
1029,2023-02-26,"Smartphone","Móvil",2,964.14,0.15,1639.04,"Tienda Física","Efectivo"
1030,2023-02-28,"Tablet","Móvil",3,602.91,0.05,1718.29,"Tienda Física","Tarjeta de Crédito"
1031,2023-03-02,"Tablet","Móvil",2,862.34,0.15,1465.98,"App","Tarjeta de Crédito"
1032,2023-03-04,"Smartphone","Móvil",4,491.69,0,1966.76,"Tienda Física","Efectivo"
1033,2023-03-06,"Smartphone","Móvil",5,1251.83,0.05,5946.19,"Tienda Física","Mercado Pago"
1034,2023-03-08,"Laptop","Computación",1,357.09,0.1,321.38,"Tienda Física","Tarjeta de Crédito"
1035,2023-03-10,"Teclado Mecánico","Periféricos",5,158.23,0.15,672.48,"Tienda Física","Mercado Pago"
1036,2023-03-12,"Smartphone","Móvil",3,138.4,0.05,394.44,"App","Efectivo"
1037,2023-03-14,"Smartphone","Móvil",1,285.54,0,285.54,"App","Tarjeta de Crédito"
1038,2023-03-16,"Tablet","Móvil",1,764.04,0.15,649.43,"Online","Efectivo"
1039,2023-03-18,"Smartphone","Móvil",4,675.03,0.1,2430.11,"App","Mercado Pago"
1040,2023-03-20,"Monitor","Computación",5,1031.69,0.15,4384.68,"Online","Tarjeta de Crédito"
1041,2023-03-22,"Monitor","Computación",4,554.73,0,2218.92,"App","Mercado Pago"
1042,2023-03-24,"Cámara Web","Accesorios",2,263.75,0.1,474.75,"Online","Efectivo"
1043,2023-03-26,"Smartphone","Móvil",3,964.63,0,2893.89,"App","Mercado Pago"
1044,2023-03-28,"Tablet","Móvil",5,231.75,0.15,984.94,"Online","Mercado Pago"
1045,2023-03-30,"Cámara Web","Accesorios",1,1213.26,0.05,1152.6,"App","Efectivo"
1046,2023-04-01,"Cámara Web","Accesorios",2,1274.17,0.05,2420.92,"App","Tarjeta de Crédito"
1047,2023-04-03,"Teclado Mecánico","Periféricos",2,1176.34,0,2352.68,"App","Transferencia"
1048,2023-04-05,"Audífonos","Audio",2,756.03,0.05,1436.46,"Online","Tarjeta de Crédito"
1049,2023-04-07,"Reloj Inteligente","Wearables",1,1204.99,0.15,1024.24,"Tienda Física","Transferencia"
1050,2023-04-09,"Laptop","Computación",2,717.29,0.15,1219.39,"App","Efectivo"
1051,2023-04-11,"Teclado Mecánico","Periféricos",1,499.73,0.05,474.74,"Online","Tarjeta de Crédito"
1052,2023-04-13,"Tablet","Móvil",2,1187.57,0,2375.14,"App","Mercado Pago"
1053,2023-04-15,"Cámara Web","Accesorios",2,644.64,0.1,1160.35,"App","Tarjeta de Crédito"
1054,2023-04-17,"Monitor","Computación",1,865.64,0.1,779.08,"Online","Mercado Pago"
1055,2023-04-19,"Laptop","Computación",1,409.9,0.1,368.91,"Online","Tarjeta de Crédito"
1056,2023-04-21,"Monitor","Computación",5,1258.1,0,6290.5,"Tienda Física","Transferencia"
1057,2023-04-23,"Smartphone","Móvil",2,637.62,0.05,1211.48,"App","Transferencia"
1058,2023-04-25,"Cámara Web","Accesorios",4,1254.61,0.1,4516.6,"Tienda Física","Efectivo"
1059,2023-04-27,"Smartphone","Móvil",5,336.9,0.1,1516.05,"Tienda Física","Transferencia"
1060,2023-04-29,"Cámara Web","Accesorios",3,78.38,0.15,199.87,"Online","Mercado Pago"
1061,2023-05-01,"Cámara Web","Accesorios",4,381.21,0.15,1296.11,"App","Tarjeta de Crédito"
1062,2023-05-03,"Smartphone","Móvil",3,952.36,0.15,2428.52,"Online","Efectivo"
1063,2023-05-05,"Tablet","Móvil",5,125.06,0.05,594.04,"Tienda Física","Mercado Pago"
1064,2023-05-07,"Reloj Inteligente","Wearables",5,140.46,0.15,596.96,"Online","Transferencia"
1065,2023-05-09,"Reloj Inteligente","Wearables",2,731.89,0,1463.78,"Tienda Física","Tarjeta de Crédito"
1066,2023-05-11,"Cámara Web","Accesorios",2,333.72,0.1,600.7,"Online","Transferencia"
1067,2023-05-13,"Audífonos","Audio",4,1118.92,0,4475.68,"Tienda Física","Tarjeta de Crédito"
1068,2023-05-15,"Teclado Mecánico","Periféricos",3,127.43,0.05,363.18,"Online","Mercado Pago"
1069,2023-05-17,"Laptop","Computación",1,433.65,0.1,390.28,"Tienda Física","Transferencia"
1070,2023-05-19,"Monitor","Computación",5,1085.53,0.05,5156.27,"Tienda Física","Transferencia"
1071,2023-05-21,"Smartphone","Móvil",2,542.29,0.05,1030.35,"Online","Tarjeta de Crédito"
1072,2023-05-23,"Laptop","Computación",5,663.65,0.05,3152.34,"App","Transferencia"
1073,2023-05-25,"Laptop","Computación",2,771.31,0.15,1311.23,"Online","Tarjeta de Crédito"
1074,2023-05-27,"Audífonos","Audio",1,154.62,0.15,131.43,"Tienda Física","Transferencia"
1075,2023-05-29,"Tablet","Móvil",3,661.68,0.15,1687.28,"Online","Tarjeta de Crédito"
1076,2023-05-31,"Laptop","Computación",3,271.42,0.05,773.55,"Tienda Física","Efectivo"
1077,2023-06-02,"Reloj Inteligente","Wearables",3,233.22,0.1,629.69,"Online","Tarjeta de Crédito"
1078,2023-06-04,"Reloj Inteligente","Wearables",2,431.75,0,863.5,"Online","Tarjeta de Crédito"
1079,2023-06-06,"Smartphone","Móvil",4,773.07,0,3092.28,"App","Efectivo"
1080,2023-06-08,"Tablet","Móvil",3,912.94,0,2738.82,"Tienda Física","Efectivo"
1081,2023-06-10,"Monitor","Computación",5,336.43,0.05,1598.04,"Tienda Física","Transferencia"
1082,2023-06-12,"Tablet","Móvil",1,705.38,0.15,599.57,"Online","Transferencia"
1083,2023-06-14,"Cámara Web","Accesorios",3,999.07,0.1,2697.49,"Tienda Física","Tarjeta de Crédito"
1084,2023-06-16,"Smartphone","Móvil",4,221.9,0,887.6,"Tienda Física","Efectivo"
1085,2023-06-18,"Cámara Web","Accesorios",4,1016.08,0,4064.32,"App","Mercado Pago"
1086,2023-06-20,"Laptop","Computación",4,971.82,0.05,3692.92,"App","Transferencia"
1087,2023-06-22,"Teclado Mecánico","Periféricos",1,50.51,0.05,47.98,"Tienda Física","Efectivo"
1088,2023-06-24,"Tablet","Móvil",1,1199.41,0.1,1079.47,"Online","Transferencia"
1089,2023-06-26,"Laptop","Computación",5,1291.4,0.05,6134.15,"Online","Transferencia"
1090,2023-06-28,"Audífonos","Audio",2,1294.99,0.05,2460.48,"App","Efectivo"
1091,2023-06-30,"Teclado Mecánico","Periféricos",1,623.4,0.15,529.89,"Tienda Física","Tarjeta de Crédito"
1092,2023-07-02,"Tablet","Móvil",3,1011.07,0.15,2578.23,"Online","Transferencia"
1093,2023-07-04,"Reloj Inteligente","Wearables",4,489.74,0.1,1763.06,"App","Mercado Pago"
1094,2023-07-06,"Reloj Inteligente","Wearables",5,454.78,0.1,2046.51,"Tienda Física","Efectivo"
1095,2023-07-08,"Laptop","Computación",3,380.13,0,1140.39,"Tienda Física","Transferencia"
1096,2023-07-10,"Cámara Web","Accesorios",5,352.57,0.05,1674.71,"App","Efectivo"
1097,2023-07-12,"Monitor","Computación",2,943.29,0.05,1792.25,"App","Mercado Pago"
1098,2023-07-14,"Audífonos","Audio",5,917.51,0.05,4358.17,"App","Tarjeta de Crédito"
1099,2023-07-16,"Laptop","Computación",1,1243.63,0.05,1181.45,"Tienda Física","Tarjeta de Crédito"
1100,2023-07-18,"Teclado Mecánico","Periféricos",2,175.29,0.15,297.99,"Online","Tarjeta de Crédito"
1101,2023-07-20,"Teclado Mecánico","Periféricos",5,1007.65,0.1,4534.42,"Online","Tarjeta de Crédito"
1102,2023-07-22,"Laptop","Computación",5,543.15,0.05,2579.96,"App","Mercado Pago"
1103,2023-07-24,"Audífonos","Audio",3,664.32,0,1992.96,"Online","Mercado Pago"
1104,2023-07-26,"Smartphone","Móvil",5,215.83,0,1079.15,"Tienda Física","Tarjeta de Crédito"
1105,2023-07-28,"Reloj Inteligente","Wearables",2,1145.54,0,2291.08,"App","Mercado Pago"
1106,2023-07-30,"Smartphone","Móvil",2,1190.04,0.15,2023.07,"Tienda Física","Transferencia"
1107,2023-08-01,"Monitor","Computación",1,932.97,0.1,839.67,"App","Transferencia"
1108,2023-08-03,"Laptop","Computación",4,955.2,0,3820.8,"App","Mercado Pago"
1109,2023-08-05,"Reloj Inteligente","Wearables",3,442.61,0.15,1128.66,"App","Efectivo"
1110,2023-08-07,"Teclado Mecánico","Periféricos",2,554.88,0,1109.76,"Online","Transferencia"
1111,2023-08-09,"Reloj Inteligente","Wearables",4,473.92,0.1,1706.11,"Online","Tarjeta de Crédito"
1112,2023-08-11,"Monitor","Computación",3,1165.44,0.05,3321.5,"App","Efectivo"
1113,2023-08-13,"Tablet","Móvil",3,356.15,0.15,908.18,"Online","Tarjeta de Crédito"
1114,2023-08-15,"Laptop","Computación",2,235.09,0,470.18,"Online","Transferencia"
1115,2023-08-17,"Monitor","Computación",3,61.23,0.1,165.32,"Online","Tarjeta de Crédito"
1116,2023-08-19,"Teclado Mecánico","Periféricos",5,721.65,0,3608.25,"Tienda Física","Efectivo"
1117,2023-08-21,"Tablet","Móvil",2,1198.57,0.05,2277.28,"Online","Tarjeta de Crédito"
1118,2023-08-23,"Teclado Mecánico","Periféricos",5,526.72,0.15,2238.56,"Tienda Física","Transferencia"
1119,2023-08-25,"Tablet","Móvil",2,537.53,0.15,913.8,"App","Tarjeta de Crédito"
1120,2023-08-27,"Smartphone","Móvil",5,1080.1,0.05,5130.47,"Tienda Física","Tarjeta de Crédito"
1121,2023-08-29,"Audífonos","Audio",2,250.42,0.1,450.76,"Tienda Física","Tarjeta de Crédito"
1122,2023-08-31,"Laptop","Computación",2,1200.79,0,2401.58,"App","Mercado Pago"
1123,2023-09-02,"Cámara Web","Accesorios",4,85.15,0.05,323.57,"Online","Mercado Pago"
1124,2023-09-04,"Teclado Mecánico","Periféricos",3,1253.55,0.05,3572.62,"App","Transferencia"
1125,2023-09-06,"Laptop","Computación",2,502.2,0.05,954.18,"Tienda Física","Mercado Pago"
1126,2023-09-08,"Teclado Mecánico","Periféricos",1,54.49,0.1,49.04,"App","Transferencia"
1127,2023-09-10,"Smartphone","Móvil",3,1066.01,0.1,2878.23,"App","Transferencia"
1128,2023-09-12,"Tablet","Móvil",1,886.81,0.15,753.79,"App","Efectivo"
1129,2023-09-14,"Tablet","Móvil",5,1272.88,0,6364.4,"Online","Mercado Pago"
1130,2023-09-16,"Smartphone","Móvil",2,277.56,0,555.12,"Tienda Física","Efectivo"
1131,2023-09-18,"Audífonos","Audio",3,551.59,0,1654.77,"Tienda Física","Transferencia"
1132,2023-09-20,"Tablet","Móvil",1,1190.94,0.15,1012.3,"Tienda Física","Mercado Pago"
1133,2023-09-22,"Cámara Web","Accesorios",3,291.1,0.15,742.31,"Online","Tarjeta de Crédito"
1134,2023-09-24,"Teclado Mecánico","Periféricos",4,832.35,0,3329.4,"App","Transferencia"
1135,2023-09-26,"Reloj Inteligente","Wearables",1,170.18,0.1,153.16,"Online","Efectivo"
1136,2023-09-28,"Laptop","Computación",1,479.13,0.15,407.26,"Tienda Física","Transferencia"
1137,2023-09-30,"Reloj Inteligente","Wearables",5,1188.22,0.15,5049.94,"Tienda Física","Tarjeta de Crédito"
1138,2023-10-02,"Cámara Web","Accesorios",2,216.94,0.15,368.8,"App","Mercado Pago"
1139,2023-10-04,"Cámara Web","Accesorios",3,224.23,0,672.69,"Tienda Física","Tarjeta de Crédito"
1140,2023-10-06,"Monitor","Computación",1,1180.94,0.1,1062.85,"Online","Efectivo"
1141,2023-10-08,"Monitor","Computación",4,692.35,0,2769.4,"App","Mercado Pago"
1142,2023-10-10,"Cámara Web","Accesorios",4,746.21,0,2984.84,"App","Transferencia"
1143,2023-10-12,"Smartphone","Móvil",2,535.43,0.1,963.77,"Online","Transferencia"
1144,2023-10-14,"Smartphone","Móvil",1,563.44,0.1,507.1,"Tienda Física","Efectivo"
1145,2023-10-16,"Teclado Mecánico","Periféricos",2,288.9,0,577.8,"Online","Tarjeta de Crédito"
1146,2023-10-18,"Smartphone","Móvil",2,124.38,0.15,211.45,"App","Transferencia"
1147,2023-10-20,"Cámara Web","Accesorios",2,586.54,0.1,1055.77,"Online","Mercado Pago"
1148,2023-10-22,"Cámara Web","Accesorios",5,1158.79,0.1,5214.56,"Tienda Física","Efectivo"
1149,2023-10-24,"Monitor","Computación",3,1069.46,0.15,2727.12,"App","Efectivo"
1150,2023-10-26,"Monitor","Computación",5,669.4,0.1,3012.3,"Tienda Física","Efectivo"
1151,2023-10-28,"Laptop","Computación",4,673.78,0,2695.12,"Tienda Física","Mercado Pago"
1152,2023-10-30,"Reloj Inteligente","Wearables",3,1093.89,0.15,2789.42,"Online","Tarjeta de Crédito"
1153,2023-11-01,"Teclado Mecánico","Periféricos",1,99.28,0.1,89.35,"Tienda Física","Mercado Pago"
1154,2023-11-03,"Tablet","Móvil",1,1274.24,0,1274.24,"Online","Efectivo"
1155,2023-11-05,"Reloj Inteligente","Wearables",2,844.44,0,1688.88,"Tienda Física","Tarjeta de Crédito"
1156,2023-11-07,"Monitor","Computación",1,959.26,0.15,815.37,"App","Efectivo"
1157,2023-11-09,"Reloj Inteligente","Wearables",3,307.03,0.1,828.98,"App","Efectivo"
1158,2023-11-11,"Tablet","Móvil",5,85.81,0.15,364.69,"Online","Transferencia"
1159,2023-11-13,"Reloj Inteligente","Wearables",4,504.93,0.15,1716.76,"App","Efectivo"
1160,2023-11-15,"Reloj Inteligente","Wearables",3,755.62,0.05,2153.52,"Online","Mercado Pago"
1161,2023-11-17,"Teclado Mecánico","Periféricos",3,1191.79,0.15,3039.06,"Online","Efectivo"
1162,2023-11-19,"Reloj Inteligente","Wearables",4,928.35,0.1,3342.06,"Online","Transferencia"
1163,2023-11-21,"Laptop","Computación",5,91.06,0,455.3,"Tienda Física","Efectivo"
1164,2023-11-23,"Tablet","Móvil",2,158.59,0,317.18,"App","Tarjeta de Crédito"
1165,2023-11-25,"Reloj Inteligente","Wearables",1,141.07,0.05,134.02,"Online","Transferencia"
1166,2023-11-27,"Laptop","Computación",2,497.17,0,994.34,"App","Tarjeta de Crédito"
1167,2023-11-29,"Tablet","Móvil",4,1041.35,0.1,3748.86,"Tienda Física","Tarjeta de Crédito"
1168,2023-12-01,"Reloj Inteligente","Wearables",5,485.67,0.1,2185.51,"App","Transferencia"
1169,2023-12-03,"Smartphone","Móvil",2,932.17,0.05,1771.12,"App","Mercado Pago"
1170,2023-12-05,"Monitor","Computación",5,712.78,0,3563.9,"Tienda Física","Efectivo"
1171,2023-12-07,"Monitor","Computación",1,460.96,0,460.96,"Online","Tarjeta de Crédito"
1172,2023-12-09,"Monitor","Computación",5,1217.72,0.05,5784.17,"Online","Efectivo"
1173,2023-12-11,"Reloj Inteligente","Wearables",3,610.03,0.05,1738.59,"Tienda Física","Tarjeta de Crédito"
1174,2023-12-13,"Teclado Mecánico","Periféricos",2,581.3,0.15,988.21,"Online","Efectivo"
1175,2023-12-15,"Laptop","Computación",3,1266.57,0.1,3419.74,"Tienda Física","Efectivo"
1176,2023-12-17,"Reloj Inteligente","Wearables",3,956.56,0.05,2726.2,"Online","Tarjeta de Crédito"
1177,2023-12-19,"Smartphone","Móvil",3,754.61,0.05,2150.64,"Tienda Física","Transferencia"
1178,2023-12-21,"Reloj Inteligente","Wearables",1,608.52,0.05,578.09,"Tienda Física","Tarjeta de Crédito"
1179,2023-12-23,"Reloj Inteligente","Wearables",1,1047.88,0,1047.88,"Online","Efectivo"
1180,2023-12-25,"Tablet","Móvil",4,115.37,0.05,438.41,"Tienda Física","Transferencia"
1181,2023-12-27,"Laptop","Computación",1,1111.24,0.05,1055.68,"Online","Transferencia"
1182,2023-12-29,"Reloj Inteligente","Wearables",5,809.65,0.15,3441.01,"Tienda Física","Efectivo"
1183,2023-12-31,"Teclado Mecánico","Periféricos",1,995.96,0.15,846.57,"App","Mercado Pago"
1184,2024-01-02,"Reloj Inteligente","Wearables",4,175.46,0,701.84,"Tienda Física","Tarjeta de Crédito"
1185,2024-01-04,"Monitor","Computación",5,867.08,0.15,3685.09,"Online","Tarjeta de Crédito"
1186,2024-01-06,"Cámara Web","Accesorios",4,893.02,0,3572.08,"Online","Transferencia"
1187,2024-01-08,"Reloj Inteligente","Wearables",3,899.02,0.05,2562.21,"App","Tarjeta de Crédito"
1188,2024-01-10,"Cámara Web","Accesorios",5,1149.31,0,5746.55,"Online","Tarjeta de Crédito"
1189,2024-01-12,"Smartphone","Móvil",1,920.27,0.1,828.24,"Tienda Física","Efectivo"
1190,2024-01-14,"Tablet","Móvil",3,403.95,0.15,1030.07,"Online","Transferencia"
1191,2024-01-16,"Audífonos","Audio",3,118.15,0,354.45,"Online","Tarjeta de Crédito"
1192,2024-01-18,"Tablet","Móvil",2,798.91,0.05,1517.93,"Tienda Física","Tarjeta de Crédito"
1193,2024-01-20,"Teclado Mecánico","Periféricos",4,1167.92,0.1,4204.51,"Tienda Física","Tarjeta de Crédito"
1194,2024-01-22,"Smartphone","Móvil",1,949.85,0.05,902.36,"App","Transferencia"
1195,2024-01-24,"Laptop","Computación",5,776.47,0.05,3688.23,"App","Mercado Pago"
1196,2024-01-26,"Monitor","Computación",2,701.67,0.15,1192.84,"App","Efectivo"
1197,2024-01-28,"Tablet","Móvil",5,1209.62,0,6048.1,"App","Efectivo"
1198,2024-01-30,"Monitor","Computación",2,693.68,0.15,1179.26,"Tienda Física","Mercado Pago"
1199,2024-02-01,"Reloj Inteligente","Wearables",5,1126.14,0.1,5067.63,"Tienda Física","Tarjeta de Crédito"
1200,2024-02-03,"Teclado Mecánico","Periféricos",2,902.04,0.1,1623.67,"Online","Mercado Pago"
1201,2024-02-05,"Teclado Mecánico","Periféricos",4,572.04,0.05,2173.75,"Online","Efectivo"
1202,2024-02-07,"Smartphone","Móvil",1,638.01,0.05,606.11,"App","Efectivo"
1203,2024-02-09,"Monitor","Computación",4,446.73,0,1786.92,"App","Mercado Pago"
1204,2024-02-11,"Reloj Inteligente","Wearables",3,136.44,0.1,368.39,"Online","Mercado Pago"
1205,2024-02-13,"Audífonos","Audio",3,292.61,0.15,746.16,"App","Transferencia"
1206,2024-02-15,"Smartphone","Móvil",3,701.28,0,2103.84,"Tienda Física","Mercado Pago"
1207,2024-02-17,"Audífonos","Audio",5,819.86,0.1,3689.37,"App","Efectivo"
1208,2024-02-19,"Smartphone","Móvil",1,892.11,0.05,847.5,"Tienda Física","Efectivo"
1209,2024-02-21,"Reloj Inteligente","Wearables",1,416.71,0.1,375.04,"Online","Tarjeta de Crédito"
1210,2024-02-23,"Laptop","Computación",3,1101.94,0.15,2809.95,"Online","Tarjeta de Crédito"
1211,2024-02-25,"Smartphone","Móvil",3,1280.71,0.05,3650.02,"Online","Transferencia"
1212,2024-02-27,"Reloj Inteligente","Wearables",4,1192.83,0,4771.32,"Online","Mercado Pago"
1213,2024-02-29,"Monitor","Computación",3,453.72,0,1361.16,"App","Tarjeta de Crédito"
1214,2024-03-02,"Cámara Web","Accesorios",2,838.2,0.05,1592.58,"Tienda Física","Mercado Pago"
1215,2024-03-04,"Monitor","Computación",1,1231.4,0,1231.4,"Tienda Física","Efectivo"
1216,2024-03-06,"Laptop","Computación",2,878.38,0,1756.76,"App","Mercado Pago"
1217,2024-03-08,"Audífonos","Audio",3,491.66,0,1474.98,"Online","Efectivo"
1218,2024-03-10,"Smartphone","Móvil",1,370.58,0.15,314.99,"App","Efectivo"
1219,2024-03-12,"Smartphone","Móvil",4,274.62,0.05,1043.56,"App","Efectivo"
1220,2024-03-14,"Monitor","Computación",5,96.82,0.1,435.69,"App","Transferencia"
1221,2024-03-16,"Cámara Web","Accesorios",5,421.34,0.05,2001.36,"Tienda Física","Mercado Pago"
1222,2024-03-18,"Tablet","Móvil",4,450.54,0.1,1621.94,"Tienda Física","Tarjeta de Crédito"
1223,2024-03-20,"Cámara Web","Accesorios",2,761.69,0,1523.38,"Tienda Física","Mercado Pago"
1224,2024-03-22,"Monitor","Computación",2,194.57,0,389.14,"Tienda Física","Tarjeta de Crédito"
1225,2024-03-24,"Smartphone","Móvil",3,665.46,0.05,1896.56,"App","Tarjeta de Crédito"
1226,2024-03-26,"Laptop","Computación",3,1014.52,0,3043.56,"Online","Mercado Pago"
1227,2024-03-28,"Monitor","Computación",2,261.37,0.05,496.6,"App","Efectivo"
1228,2024-03-30,"Laptop","Computación",4,400.37,0.1,1441.33,"Online","Tarjeta de Crédito"
1229,2024-04-01,"Cámara Web","Accesorios",3,519.35,0.15,1324.34,"App","Transferencia"
1230,2024-04-03,"Reloj Inteligente","Wearables",1,558,0.1,502.2,"Tienda Física","Tarjeta de Crédito"
1231,2024-04-05,"Audífonos","Audio",3,285.56,0.1,771.01,"App","Tarjeta de Crédito"
1232,2024-04-07,"Laptop","Computación",4,560.23,0.1,2016.83,"App","Tarjeta de Crédito"
1233,2024-04-09,"Reloj Inteligente","Wearables",5,891.91,0,4459.55,"Tienda Física","Efectivo"
1234,2024-04-11,"Laptop","Computación",3,755.22,0.05,2152.38,"Tienda Física","Tarjeta de Crédito"
1235,2024-04-13,"Laptop","Computación",5,991.6,0.15,4214.3,"App","Tarjeta de Crédito"
1236,2024-04-15,"Cámara Web","Accesorios",1,76.15,0.1,68.54,"Online","Efectivo"
1237,2024-04-17,"Cámara Web","Accesorios",4,228.55,0.1,822.78,"Tienda Física","Transferencia"
1238,2024-04-19,"Laptop","Computación",2,456.64,0.15,776.29,"Online","Efectivo"
1239,2024-04-21,"Smartphone","Móvil",4,1232.59,0.05,4683.84,"Online","Efectivo"
1240,2024-04-23,"Cámara Web","Accesorios",3,785.54,0,2356.62,"Online","Efectivo"
1241,2024-04-25,"Teclado Mecánico","Periféricos",1,640.83,0.1,576.75,"Tienda Física","Transferencia"
1242,2024-04-27,"Smartphone","Móvil",2,1299.17,0.1,2338.51,"Tienda Física","Transferencia"
1243,2024-04-29,"Smartphone","Móvil",2,271.92,0,543.84,"Online","Mercado Pago"
1244,2024-05-01,"Cámara Web","Accesorios",3,288.72,0.1,779.54,"Tienda Física","Mercado Pago"
1245,2024-05-03,"Reloj Inteligente","Wearables",1,1287.41,0.05,1223.04,"Online","Efectivo"
1246,2024-05-05,"Teclado Mecánico","Periféricos",3,845.48,0.1,2282.8,"Tienda Física","Transferencia"
1247,2024-05-07,"Teclado Mecánico","Periféricos",3,1221.51,0.15,3114.85,"App","Transferencia"
1248,2024-05-09,"Smartphone","Móvil",3,574.2,0.05,1636.47,"Online","Efectivo"
1249,2024-05-11,"Monitor","Computación",2,1171.22,0.05,2225.32,"Online","Transferencia"
1250,2024-05-13,"Audífonos","Audio",3,238.64,0,715.92,"App","Tarjeta de Crédito"
1251,2024-05-15,"Reloj Inteligente","Wearables",5,878.99,0.05,4175.2,"Online","Mercado Pago"
1252,2024-05-17,"Audífonos","Audio",2,169.84,0.05,322.7,"App","Mercado Pago"
1253,2024-05-19,"Audífonos","Audio",2,855.52,0.15,1454.38,"Tienda Física","Efectivo"
1254,2024-05-21,"Tablet","Móvil",5,152.54,0.15,648.3,"App","Mercado Pago"
1255,2024-05-23,"Tablet","Móvil",1,1198.39,0,1198.39,"Online","Efectivo"
1256,2024-05-25,"Laptop","Computación",3,132.1,0.15,336.85,"Online","Transferencia"
1257,2024-05-27,"Teclado Mecánico","Periféricos",2,959.73,0.1,1727.51,"App","Transferencia"
1258,2024-05-29,"Tablet","Móvil",2,436.14,0,872.28,"Tienda Física","Efectivo"
1259,2024-05-31,"Monitor","Computación",5,291.39,0,1456.95,"App","Mercado Pago"
1260,2024-06-02,"Teclado Mecánico","Periféricos",3,765.14,0.15,1951.11,"Online","Transferencia"
1261,2024-06-04,"Audífonos","Audio",5,674,0.15,2864.5,"Online","Tarjeta de Crédito"
1262,2024-06-06,"Laptop","Computación",3,441.36,0.05,1257.88,"Online","Transferencia"
1263,2024-06-08,"Laptop","Computación",4,478.03,0.15,1625.3,"App","Tarjeta de Crédito"
1264,2024-06-10,"Laptop","Computación",3,1296.01,0.15,3304.83,"App","Transferencia"
1265,2024-06-12,"Teclado Mecánico","Periféricos",4,723.04,0.05,2747.55,"Tienda Física","Tarjeta de Crédito"
1266,2024-06-14,"Teclado Mecánico","Periféricos",3,715.29,0.05,2038.58,"Tienda Física","Tarjeta de Crédito"
1267,2024-06-16,"Monitor","Computación",5,124.55,0,622.75,"Tienda Física","Mercado Pago"
1268,2024-06-18,"Cámara Web","Accesorios",3,1169.9,0,3509.7,"Online","Mercado Pago"
1269,2024-06-20,"Monitor","Computación",1,613.12,0.1,551.81,"App","Transferencia"
1270,2024-06-22,"Teclado Mecánico","Periféricos",3,354.87,0.1,958.15,"App","Transferencia"
1271,2024-06-24,"Cámara Web","Accesorios",1,798.39,0.05,758.47,"Tienda Física","Efectivo"
1272,2024-06-26,"Tablet","Móvil",4,636.07,0,2544.28,"App","Mercado Pago"
1273,2024-06-28,"Teclado Mecánico","Periféricos",2,1051.1,0,2102.2,"App","Tarjeta de Crédito"
1274,2024-06-30,"Reloj Inteligente","Wearables",3,960.62,0,2881.86,"Online","Transferencia"
1275,2024-07-02,"Smartphone","Móvil",2,85.21,0.1,153.38,"Tienda Física","Efectivo"
1276,2024-07-04,"Monitor","Computación",2,70.42,0.1,126.76,"Tienda Física","Tarjeta de Crédito"
1277,2024-07-06,"Laptop","Computación",4,395.76,0.15,1345.58,"App","Transferencia"
1278,2024-07-08,"Audífonos","Audio",5,1133.89,0.15,4819.03,"Tienda Física","Tarjeta de Crédito"
1279,2024-07-10,"Audífonos","Audio",1,1254.62,0.15,1066.43,"App","Efectivo"
1280,2024-07-12,"Cámara Web","Accesorios",4,275.3,0,1101.2,"Tienda Física","Mercado Pago"
1281,2024-07-14,"Audífonos","Audio",2,1158.37,0,2316.74,"App","Efectivo"
1282,2024-07-16,"Cámara Web","Accesorios",3,1082.93,0.1,2923.91,"Online","Transferencia"
1283,2024-07-18,"Teclado Mecánico","Periféricos",1,249.42,0,249.42,"App","Efectivo"
1284,2024-07-20,"Smartphone","Móvil",5,578.6,0.15,2459.05,"Online","Transferencia"
1285,2024-07-22,"Cámara Web","Accesorios",4,1248.06,0.1,4493.02,"Tienda Física","Efectivo"
1286,2024-07-24,"Monitor","Computación",5,1005.17,0.1,4523.26,"Online","Efectivo"
1287,2024-07-26,"Reloj Inteligente","Wearables",1,154.79,0.1,139.31,"Online","Transferencia"
1288,2024-07-28,"Audífonos","Audio",3,469.35,0.15,1196.84,"Online","Efectivo"
1289,2024-07-30,"Smartphone","Móvil",1,677.31,0.15,575.71,"Online","Efectivo"
1290,2024-08-01,"Teclado Mecánico","Periféricos",4,233.31,0.15,793.25,"App","Efectivo"
1291,2024-08-03,"Audífonos","Audio",3,968.57,0,2905.71,"Online","Efectivo"
1292,2024-08-05,"Audífonos","Audio",5,1242.46,0.1,5591.07,"Tienda Física","Transferencia"
1293,2024-08-07,"Monitor","Computación",2,1287.46,0.05,2446.17,"Online","Transferencia"
1294,2024-08-09,"Tablet","Móvil",4,858.63,0.1,3091.07,"App","Mercado Pago"
1295,2024-08-11,"Audífonos","Audio",3,757.03,0.05,2157.54,"Tienda Física","Efectivo"
1296,2024-08-13,"Reloj Inteligente","Wearables",1,1240.23,0.15,1054.2,"Online","Mercado Pago"
1297,2024-08-15,"Smartphone","Móvil",1,574.94,0.1,517.45,"Tienda Física","Efectivo"
1298,2024-08-17,"Tablet","Móvil",5,327.42,0.15,1391.54,"Tienda Física","Mercado Pago"
1299,2024-08-19,"Monitor","Computación",1,200.92,0.1,180.83,"Tienda Física","Transferencia"
1300,2024-08-21,"Smartphone","Móvil",1,252.6,0.05,239.97,"App","Transferencia"
1301,2024-08-23,"Tablet","Móvil",4,225.16,0.15,765.54,"App","Tarjeta de Crédito"
1302,2024-08-25,"Tablet","Móvil",5,804.47,0.15,3419,"Online","Efectivo"
1303,2024-08-27,"Cámara Web","Accesorios",1,1234.25,0.05,1172.54,"Online","Efectivo"
1304,2024-08-29,"Monitor","Computación",1,219.09,0.1,197.18,"Online","Transferencia"
1305,2024-08-31,"Smartphone","Móvil",4,331.82,0.1,1194.55,"Tienda Física","Tarjeta de Crédito"
1306,2024-09-02,"Tablet","Móvil",2,343.24,0.15,583.51,"App","Mercado Pago"
1307,2024-09-04,"Tablet","Móvil",2,590.97,0.05,1122.84,"Online","Transferencia"
1308,2024-09-06,"Teclado Mecánico","Periféricos",4,883.52,0,3534.08,"Online","Mercado Pago"
1309,2024-09-08,"Teclado Mecánico","Periféricos",5,1001.88,0,5009.4,"App","Tarjeta de Crédito"
1310,2024-09-10,"Teclado Mecánico","Periféricos",2,458.75,0.05,871.62,"Tienda Física","Transferencia"
1311,2024-09-12,"Cámara Web","Accesorios",4,695.63,0,2782.52,"App","Tarjeta de Crédito"
1312,2024-09-14,"Reloj Inteligente","Wearables",2,218.51,0,437.02,"Online","Mercado Pago"
1313,2024-09-16,"Monitor","Computación",1,758.25,0.15,644.51,"Online","Efectivo"
1314,2024-09-18,"Monitor","Computación",4,222.16,0,888.64,"App","Mercado Pago"
1315,2024-09-20,"Teclado Mecánico","Periféricos",1,1285.27,0,1285.27,"Tienda Física","Tarjeta de Crédito"
1316,2024-09-22,"Audífonos","Audio",2,751.34,0,1502.68,"Tienda Física","Efectivo"
1317,2024-09-24,"Teclado Mecánico","Periféricos",3,57.37,0,172.11,"Online","Mercado Pago"
1318,2024-09-26,"Cámara Web","Accesorios",4,1082.35,0.1,3896.46,"App","Tarjeta de Crédito"
1319,2024-09-28,"Laptop","Computación",1,1165.38,0.05,1107.11,"App","Transferencia"
1320,2024-09-30,"Smartphone","Móvil",4,153.77,0.15,522.82,"Tienda Física","Efectivo"
1321,2024-10-02,"Cámara Web","Accesorios",5,955.55,0.15,4061.09,"Tienda Física","Tarjeta de Crédito"
1322,2024-10-04,"Laptop","Computación",4,458.83,0.1,1651.79,"Tienda Física","Efectivo"
1323,2024-10-06,"Laptop","Computación",3,373.69,0.05,1065.02,"Online","Mercado Pago"
1324,2024-10-08,"Monitor","Computación",3,767.53,0.1,2072.33,"App","Transferencia"
1325,2024-10-10,"Laptop","Computación",2,749.34,0.05,1423.75,"Tienda Física","Mercado Pago"
1326,2024-10-12,"Tablet","Móvil",5,341.36,0.05,1621.46,"Online","Transferencia"
1327,2024-10-14,"Teclado Mecánico","Periféricos",4,1226.06,0.15,4168.6,"Online","Transferencia"
1328,2024-10-16,"Tablet","Móvil",5,551,0.05,2617.25,"Online","Tarjeta de Crédito"
1329,2024-10-18,"Monitor","Computación",2,948.65,0.1,1707.57,"Online","Mercado Pago"
1330,2024-10-20,"Cámara Web","Accesorios",2,603.49,0.05,1146.63,"Tienda Física","Transferencia"
1331,2024-10-22,"Smartphone","Móvil",5,1055.83,0.05,5015.19,"Online","Efectivo"
1332,2024-10-24,"Audífonos","Audio",1,768.73,0,768.73,"Tienda Física","Tarjeta de Crédito"
1333,2024-10-26,"Monitor","Computación",1,961.44,0.1,865.3,"Tienda Física","Efectivo"
1334,2024-10-28,"Monitor","Computación",4,1234.1,0.05,4689.58,"App","Tarjeta de Crédito"
1335,2024-10-30,"Monitor","Computación",2,334.49,0.15,568.63,"Tienda Física","Efectivo"
1336,2024-11-01,"Reloj Inteligente","Wearables",3,626.19,0,1878.57,"App","Tarjeta de Crédito"
1337,2024-11-03,"Tablet","Móvil",5,894.96,0.1,4027.32,"Online","Mercado Pago"
1338,2024-11-05,"Reloj Inteligente","Wearables",5,1254.28,0.15,5330.69,"Online","Efectivo"
1339,2024-11-07,"Tablet","Móvil",2,1286.64,0.15,2187.29,"Tienda Física","Mercado Pago"
1340,2024-11-09,"Laptop","Computación",2,1252.77,0.1,2254.99,"App","Mercado Pago"
1341,2024-11-11,"Tablet","Móvil",3,83.93,0.05,239.2,"Online","Tarjeta de Crédito"
1342,2024-11-13,"Teclado Mecánico","Periféricos",2,576.11,0,1152.22,"Tienda Física","Tarjeta de Crédito"
1343,2024-11-15,"Teclado Mecánico","Periféricos",4,533.28,0.1,1919.81,"App","Tarjeta de Crédito"
1344,2024-11-17,"Smartphone","Móvil",5,891.68,0.05,4235.48,"Online","Mercado Pago"
1345,2024-11-19,"Smartphone","Móvil",4,1212.33,0.1,4364.39,"Tienda Física","Mercado Pago"
1346,2024-11-21,"Teclado Mecánico","Periféricos",1,285.23,0.1,256.71,"Online","Mercado Pago"
1347,2024-11-23,"Smartphone","Móvil",2,563.92,0,1127.84,"Online","Transferencia"
1348,2024-11-25,"Teclado Mecánico","Periféricos",3,1080.69,0.15,2755.76,"App","Transferencia"
1349,2024-11-27,"Audífonos","Audio",2,575.74,0.15,978.76,"App","Transferencia"
1350,2024-11-29,"Monitor","Computación",4,187.48,0.1,674.93,"App","Transferencia"
1351,2024-12-01,"Laptop","Computación",2,216.53,0,433.06,"Tienda Física","Mercado Pago"
1352,2024-12-03,"Monitor","Computación",4,1062.05,0,4248.2,"App","Mercado Pago"
1353,2024-12-05,"Smartphone","Móvil",4,1247.51,0.05,4740.54,"Tienda Física","Tarjeta de Crédito"
1354,2024-12-07,"Monitor","Computación",4,794.92,0.05,3020.7,"Online","Transferencia"
1355,2024-12-09,"Tablet","Móvil",1,1209.51,0,1209.51,"Tienda Física","Mercado Pago"
1356,2024-12-11,"Teclado Mecánico","Periféricos",5,718.22,0,3591.1,"Tienda Física","Transferencia"
1357,2024-12-13,"Tablet","Móvil",3,728.04,0,2184.12,"Tienda Física","Tarjeta de Crédito"
1358,2024-12-15,"Smartphone","Móvil",5,58.82,0.1,264.69,"App","Efectivo"
1359,2024-12-17,"Audífonos","Audio",1,756.03,0.05,718.23,"Tienda Física","Mercado Pago"
1360,2024-12-19,"Tablet","Móvil",5,132.14,0.15,561.59,"Online","Transferencia"
1361,2024-12-21,"Cámara Web","Accesorios",3,1184.54,0.05,3375.94,"Tienda Física","Tarjeta de Crédito"
1362,2024-12-23,"Monitor","Computación",1,650.13,0,650.13,"App","Tarjeta de Crédito"
1363,2024-12-25,"Cámara Web","Accesorios",1,1003.73,0.05,953.54,"Online","Mercado Pago"
1364,2024-12-27,"Audífonos","Audio",3,418.01,0.1,1128.63,"Online","Transferencia"
1365,2024-12-29,"Reloj Inteligente","Wearables",1,1242.4,0.1,1118.16,"App","Transferencia"
1366,2024-12-31,"Smartphone","Móvil",3,125.48,0.05,357.62,"Online","Mercado Pago"
1367,2025-01-02,"Cámara Web","Accesorios",5,473.14,0.05,2247.41,"App","Efectivo"
1368,2025-01-04,"Reloj Inteligente","Wearables",2,1167.13,0.15,1984.12,"App","Tarjeta de Crédito"
1369,2025-01-06,"Monitor","Computación",3,900.06,0.1,2430.16,"App","Transferencia"
1370,2025-01-08,"Smartphone","Móvil",1,807.82,0.05,767.43,"Tienda Física","Tarjeta de Crédito"
1371,2025-01-10,"Smartphone","Móvil",3,126.99,0.1,342.87,"Online","Transferencia"
1372,2025-01-12,"Teclado Mecánico","Periféricos",4,1117.06,0.1,4021.42,"App","Efectivo"
1373,2025-01-14,"Teclado Mecánico","Periféricos",3,391.75,0.15,998.96,"Online","Efectivo"
1374,2025-01-16,"Smartphone","Móvil",3,780.62,0.15,1990.58,"App","Mercado Pago"
1375,2025-01-18,"Tablet","Móvil",3,818.14,0.1,2208.98,"App","Transferencia"
1376,2025-01-20,"Reloj Inteligente","Wearables",1,308.23,0.1,277.41,"Online","Tarjeta de Crédito"
1377,2025-01-22,"Tablet","Móvil",5,534.12,0,2670.6,"App","Mercado Pago"
1378,2025-01-24,"Monitor","Computación",5,231.86,0.05,1101.34,"App","Tarjeta de Crédito"
1379,2025-01-26,"Teclado Mecánico","Periféricos",1,833.32,0.1,749.99,"App","Mercado Pago"
1380,2025-01-28,"Laptop","Computación",4,981.21,0.15,3336.11,"Tienda Física","Mercado Pago"
1381,2025-01-30,"Tablet","Móvil",2,759.57,0.15,1291.27,"Online","Transferencia"
1382,2025-02-01,"Teclado Mecánico","Periféricos",2,60.29,0.1,108.52,"Online","Tarjeta de Crédito"
1383,2025-02-03,"Teclado Mecánico","Periféricos",2,1059.45,0.05,2012.95,"Online","Mercado Pago"
1384,2025-02-05,"Audífonos","Audio",1,112.36,0.1,101.12,"Tienda Física","Efectivo"
1385,2025-02-07,"Reloj Inteligente","Wearables",1,489.94,0.1,440.95,"Tienda Física","Mercado Pago"
1386,2025-02-09,"Audífonos","Audio",2,155.44,0.15,264.25,"App","Efectivo"
1387,2025-02-11,"Audífonos","Audio",2,1027.4,0.15,1746.58,"Tienda Física","Tarjeta de Crédito"
1388,2025-02-13,"Reloj Inteligente","Wearables",4,215.69,0.05,819.62,"App","Mercado Pago"
1389,2025-02-15,"Reloj Inteligente","Wearables",3,388.26,0.1,1048.3,"Tienda Física","Mercado Pago"
1390,2025-02-17,"Audífonos","Audio",1,1090.16,0.05,1035.65,"App","Transferencia"
1391,2025-02-19,"Monitor","Computación",1,529.5,0.05,503.02,"App","Tarjeta de Crédito"
1392,2025-02-21,"Reloj Inteligente","Wearables",5,460.04,0.1,2070.18,"Online","Transferencia"
1393,2025-02-23,"Monitor","Computación",4,391.57,0,1566.28,"Online","Efectivo"
1394,2025-02-25,"Tablet","Móvil",2,1056.31,0.05,2006.99,"Online","Tarjeta de Crédito"
1395,2025-02-27,"Audífonos","Audio",3,1040.95,0.1,2810.57,"Online","Efectivo"
1396,2025-03-01,"Teclado Mecánico","Periféricos",5,602.56,0,3012.8,"App","Efectivo"
1397,2025-03-03,"Monitor","Computación",4,903.69,0.15,3072.55,"Tienda Física","Tarjeta de Crédito"
1398,2025-03-05,"Tablet","Móvil",1,418.98,0.15,356.13,"Tienda Física","Transferencia"
1399,2025-03-07,"Audífonos","Audio",3,1222.65,0.05,3484.55,"Tienda Física","Tarjeta de Crédito"
1400,2025-03-09,"Audífonos","Audio",4,364.34,0.1,1311.62,"Online","Tarjeta de Crédito"
1401,2025-03-11,"Tablet","Móvil",5,1151.59,0.1,5182.16,"Online","Mercado Pago"
1402,2025-03-13,"Reloj Inteligente","Wearables",3,118.42,0.05,337.5,"Online","Efectivo"
1403,2025-03-15,"Audífonos","Audio",1,444.83,0.1,400.35,"Online","Tarjeta de Crédito"
1404,2025-03-17,"Teclado Mecánico","Periféricos",3,466.26,0.05,1328.84,"Tienda Física","Efectivo"
1405,2025-03-19,"Cámara Web","Accesorios",4,607.49,0,2429.96,"Online","Mercado Pago"
1406,2025-03-21,"Tablet","Móvil",4,1051.4,0,4205.6,"Tienda Física","Transferencia"
1407,2025-03-23,"Monitor","Computación",2,827.44,0,1654.88,"Tienda Física","Mercado Pago"
1408,2025-03-25,"Laptop","Computación",5,395.6,0.1,1780.2,"Online","Mercado Pago"
1409,2025-03-27,"Cámara Web","Accesorios",3,602.9,0.05,1718.26,"Tienda Física","Transferencia"
1410,2025-03-29,"Monitor","Computación",3,1062.3,0,3186.9,"App","Tarjeta de Crédito"
1411,2025-03-31,"Smartphone","Móvil",3,228.56,0.05,651.4,"Tienda Física","Mercado Pago"
1412,2025-04-02,"Smartphone","Móvil",5,544.15,0.05,2584.71,"App","Mercado Pago"
1413,2025-04-04,"Cámara Web","Accesorios",2,381.83,0,763.66,"App","Tarjeta de Crédito"
1414,2025-04-06,"Laptop","Computación",2,421.14,0.1,758.05,"Tienda Física","Mercado Pago"
1415,2025-04-08,"Smartphone","Móvil",4,558.43,0,2233.72,"Tienda Física","Transferencia"
1416,2025-04-10,"Teclado Mecánico","Periféricos",4,729.41,0.1,2625.88,"Online","Mercado Pago"
1417,2025-04-12,"Reloj Inteligente","Wearables",1,1263.6,0.05,1200.42,"App","Efectivo"
1418,2025-04-14,"Tablet","Móvil",4,504.95,0.1,1817.82,"Tienda Física","Transferencia"
1419,2025-04-16,"Reloj Inteligente","Wearables",2,535.7,0,1071.4,"App","Transferencia"
1420,2025-04-18,"Cámara Web","Accesorios",2,926.09,0.05,1759.57,"Tienda Física","Tarjeta de Crédito"
1421,2025-04-20,"Audífonos","Audio",2,574.2,0.15,976.14,"App","Efectivo"
1422,2025-04-22,"Cámara Web","Accesorios",3,175.58,0,526.74,"Online","Tarjeta de Crédito"
1423,2025-04-24,"Smartphone","Móvil",3,277.16,0.05,789.91,"Tienda Física","Transferencia"
1424,2025-04-26,"Reloj Inteligente","Wearables",4,458.66,0,1834.64,"Online","Efectivo"
1425,2025-04-28,"Teclado Mecánico","Periféricos",2,955.56,0.1,1720.01,"Online","Efectivo"
1426,2025-04-30,"Reloj Inteligente","Wearables",1,530.52,0.05,503.99,"App","Transferencia"
1427,2025-05-02,"Audífonos","Audio",5,390.39,0.15,1659.16,"Tienda Física","Mercado Pago"
1428,2025-05-04,"Laptop","Computación",1,125.4,0,125.4,"App","Transferencia"
1429,2025-05-06,"Reloj Inteligente","Wearables",4,103.9,0,415.6,"App","Tarjeta de Crédito"
1430,2025-05-08,"Tablet","Móvil",2,547.98,0.1,986.36,"App","Tarjeta de Crédito"
1431,2025-05-10,"Tablet","Móvil",3,617.98,0.15,1575.85,"App","Tarjeta de Crédito"
1432,2025-05-12,"Cámara Web","Accesorios",4,224.78,0,899.12,"Tienda Física","Efectivo"
1433,2025-05-14,"Cámara Web","Accesorios",1,670.61,0.1,603.55,"Tienda Física","Mercado Pago"
1434,2025-05-16,"Smartphone","Móvil",1,1030.51,0,1030.51,"Tienda Física","Efectivo"
1435,2025-05-18,"Audífonos","Audio",5,156.63,0,783.15,"Tienda Física","Mercado Pago"
1436,2025-05-20,"Tablet","Móvil",2,174.79,0.05,332.1,"Tienda Física","Efectivo"
1437,2025-05-22,"Smartphone","Móvil",5,1072.5,0.05,5094.38,"App","Tarjeta de Crédito"
1438,2025-05-24,"Tablet","Móvil",3,558.26,0.1,1507.3,"Tienda Física","Mercado Pago"
1439,2025-05-26,"Smartphone","Móvil",5,618.4,0,3092,"App","Efectivo"
1440,2025-05-28,"Monitor","Computación",2,1007.7,0.15,1713.09,"App","Mercado Pago"
1441,2025-05-30,"Monitor","Computación",1,916.32,0.1,824.69,"Tienda Física","Transferencia"
1442,2025-06-01,"Reloj Inteligente","Wearables",5,1001.26,0.1,4505.67,"Online","Transferencia"
1443,2025-06-03,"Teclado Mecánico","Periféricos",2,185.61,0.1,334.1,"Tienda Física","Transferencia"
1444,2025-06-05,"Cámara Web","Accesorios",1,375.64,0,375.64,"Tienda Física","Efectivo"
1445,2025-06-07,"Teclado Mecánico","Periféricos",5,164.87,0,824.35,"Tienda Física","Efectivo"
1446,2025-06-09,"Laptop","Computación",3,436.21,0.15,1112.34,"App","Efectivo"
1447,2025-06-11,"Laptop","Computación",5,933.43,0.1,4200.43,"Online","Efectivo"
1448,2025-06-13,"Smartphone","Móvil",4,232.36,0.05,882.97,"Tienda Física","Transferencia"
1449,2025-06-15,"Teclado Mecánico","Periféricos",3,82.62,0,247.86,"App","Transferencia"
1450,2025-06-17,"Tablet","Móvil",4,381.63,0,1526.52,"App","Tarjeta de Crédito"
1451,2025-06-19,"Tablet","Móvil",4,725.58,0.1,2612.09,"Tienda Física","Mercado Pago"
1452,2025-06-21,"Tablet","Móvil",5,182.22,0.15,774.43,"Tienda Física","Tarjeta de Crédito"
1453,2025-06-23,"Laptop","Computación",2,135.4,0,270.8,"Online","Transferencia"
1454,2025-06-25,"Tablet","Móvil",5,665.4,0,3327,"Online","Transferencia"
1455,2025-06-27,"Cámara Web","Accesorios",2,1028.05,0,2056.1,"App","Mercado Pago"
1456,2025-06-29,"Laptop","Computación",3,976.9,0.05,2784.16,"App","Tarjeta de Crédito"
1457,2025-07-01,"Monitor","Computación",4,1241.92,0.05,4719.3,"Tienda Física","Transferencia"
1458,2025-07-03,"Cámara Web","Accesorios",1,608.06,0,608.06,"Online","Efectivo"
1459,2025-07-05,"Cámara Web","Accesorios",5,1269.42,0.05,6029.74,"Online","Mercado Pago"
1460,2025-07-07,"Reloj Inteligente","Wearables",2,1075.78,0,2151.56,"Tienda Física","Tarjeta de Crédito"
1461,2025-07-09,"Reloj Inteligente","Wearables",1,1102.17,0.05,1047.06,"Tienda Física","Efectivo"
1462,2025-07-11,"Audífonos","Audio",1,1211.33,0.1,1090.2,"App","Transferencia"
1463,2025-07-13,"Cámara Web","Accesorios",2,937.37,0,1874.74,"Online","Efectivo"
1464,2025-07-15,"Audífonos","Audio",3,211.32,0.15,538.87,"App","Efectivo"
1465,2025-07-17,"Reloj Inteligente","Wearables",4,285.48,0.15,970.63,"Tienda Física","Efectivo"
1466,2025-07-19,"Audífonos","Audio",3,983.98,0.15,2509.15,"Tienda Física","Tarjeta de Crédito"
1467,2025-07-21,"Reloj Inteligente","Wearables",1,975.59,0.15,829.25,"Online","Transferencia"
1468,2025-07-23,"Tablet","Móvil",5,536.42,0.15,2279.78,"Tienda Física","Efectivo"
1469,2025-07-25,"Tablet","Móvil",4,1295.63,0.1,4664.27,"App","Mercado Pago"
1470,2025-07-27,"Teclado Mecánico","Periféricos",5,1266.83,0.05,6017.44,"Tienda Física","Efectivo"
1471,2025-07-29,"Cámara Web","Accesorios",4,1253.58,0.1,4512.89,"Online","Transferencia"
1472,2025-07-31,"Teclado Mecánico","Periféricos",2,1261.49,0.15,2144.53,"Online","Mercado Pago"
1473,2025-08-02,"Tablet","Móvil",5,739.32,0.1,3326.94,"Online","Transferencia"
1474,2025-08-04,"Reloj Inteligente","Wearables",5,664.77,0,3323.85,"Tienda Física","Mercado Pago"
1475,2025-08-06,"Smartphone","Móvil",4,150.12,0.1,540.43,"Online","Transferencia"
1476,2025-08-08,"Teclado Mecánico","Periféricos",5,609.55,0.15,2590.59,"App","Tarjeta de Crédito"
1477,2025-08-10,"Reloj Inteligente","Wearables",3,836.86,0,2510.58,"App","Transferencia"
1478,2025-08-12,"Audífonos","Audio",4,606.65,0.05,2305.27,"Online","Mercado Pago"
1479,2025-08-14,"Audífonos","Audio",4,968.15,0.05,3678.97,"Online","Efectivo"
1480,2025-08-16,"Audífonos","Audio",1,1134.24,0,1134.24,"App","Tarjeta de Crédito"
1481,2025-08-18,"Smartphone","Móvil",2,84.4,0.1,151.92,"Online","Mercado Pago"
1482,2025-08-20,"Tablet","Móvil",4,361.02,0,1444.08,"Tienda Física","Transferencia"
1483,2025-08-22,"Cámara Web","Accesorios",2,781.17,0.05,1484.22,"Online","Mercado Pago"
1484,2025-08-24,"Monitor","Computación",3,557,0.05,1587.45,"Tienda Física","Mercado Pago"
1485,2025-08-26,"Cámara Web","Accesorios",4,589.9,0.1,2123.64,"App","Mercado Pago"
1486,2025-08-28,"Monitor","Computación",5,422.04,0,2110.2,"App","Tarjeta de Crédito"
1487,2025-08-30,"Tablet","Móvil",3,653.31,0.15,1665.94,"Online","Transferencia"
1488,2025-09-01,"Laptop","Computación",4,1194.5,0.1,4300.2,"Tienda Física","Tarjeta de Crédito"
1489,2025-09-03,"Teclado Mecánico","Periféricos",3,707.91,0,2123.73,"Online","Tarjeta de Crédito"
1490,2025-09-05,"Audífonos","Audio",1,574.54,0.15,488.36,"Tienda Física","Mercado Pago"
1491,2025-09-07,"Reloj Inteligente","Wearables",1,546.96,0.05,519.61,"App","Mercado Pago"
1492,2025-09-09,"Reloj Inteligente","Wearables",5,299.69,0.15,1273.68,"Tienda Física","Transferencia"
1493,2025-09-11,"Monitor","Computación",3,399.99,0.15,1019.97,"Tienda Física","Efectivo"
1494,2025-09-13,"Teclado Mecánico","Periféricos",5,575.65,0.15,2446.51,"App","Tarjeta de Crédito"
1495,2025-09-15,"Smartphone","Móvil",2,1152.79,0.05,2190.3,"App","Mercado Pago"
1496,2025-09-17,"Tablet","Móvil",3,1176.68,0.05,3353.54,"App","Transferencia"
1497,2025-09-19,"Teclado Mecánico","Periféricos",4,258.34,0,1033.36,"Online","Efectivo"
1498,2025-09-21,"Reloj Inteligente","Wearables",5,829.19,0,4145.95,"Tienda Física","Efectivo"
1499,2025-09-23,"Laptop","Computación",5,1211.76,0.1,5452.92,"App","Tarjeta de Crédito"
1500,2025-09-25,"Audífonos","Audio",1,632.24,0.05,600.63,"App","Efectivo"
1501,2025-09-27,"Tablet","Móvil",1,149.55,0.1,134.6,"Online","Efectivo"
1502,2025-09-29,"Tablet","Móvil",5,252.24,0.1,1135.08,"App","Tarjeta de Crédito"
1503,2025-10-01,"Teclado Mecánico","Periféricos",3,1268.12,0,3804.36,"Tienda Física","Mercado Pago"
1504,2025-10-03,"Cámara Web","Accesorios",2,158.95,0.1,286.11,"Online","Mercado Pago"
1505,2025-10-05,"Tablet","Móvil",3,237.1,0.1,640.17,"Online","Mercado Pago"
1506,2025-10-07,"Monitor","Computación",4,830.01,0.05,3154.04,"Online","Efectivo"
1507,2025-10-09,"Reloj Inteligente","Wearables",1,1033.15,0.15,878.18,"App","Mercado Pago"
1508,2025-10-11,"Monitor","Computación",2,951.38,0,1902.76,"Tienda Física","Mercado Pago"
1509,2025-10-13,"Tablet","Móvil",4,68.64,0,274.56,"Online","Mercado Pago"
1510,2025-10-15,"Cámara Web","Accesorios",4,1117.75,0.05,4247.45,"Online","Transferencia"
1511,2025-10-17,"Teclado Mecánico","Periféricos",1,142.49,0.15,121.12,"Tienda Física","Tarjeta de Crédito"
1512,2025-10-19,"Audífonos","Audio",3,1207.08,0,3621.24,"Online","Mercado Pago"
1513,2025-10-21,"Cámara Web","Accesorios",1,325.45,0.1,292.9,"Online","Tarjeta de Crédito"
1514,2025-10-23,"Reloj Inteligente","Wearables",4,758.12,0.05,2880.86,"Tienda Física","Efectivo"
1515,2025-10-25,"Audífonos","Audio",1,283.79,0.05,269.6,"Tienda Física","Efectivo"
1516,2025-10-27,"Smartphone","Móvil",1,356.16,0.05,338.35,"App","Tarjeta de Crédito"
1517,2025-10-29,"Audífonos","Audio",5,714.71,0.05,3394.87,"Online","Efectivo"
1518,2025-10-31,"Monitor","Computación",3,303.74,0.15,774.54,"Online","Efectivo"
1519,2025-11-02,"Tablet","Móvil",1,955.04,0.05,907.29,"App","Mercado Pago"
1520,2025-11-04,"Reloj Inteligente","Wearables",5,326.2,0,1631,"App","Mercado Pago"
1521,2025-11-06,"Monitor","Computación",4,823.02,0.1,2962.87,"Online","Transferencia"
1522,2025-11-08,"Tablet","Móvil",5,892.33,0.15,3792.4,"Online","Efectivo"
1523,2025-11-10,"Monitor","Computación",2,134.7,0.1,242.46,"Online","Mercado Pago"
1524,2025-11-12,"Tablet","Móvil",1,1216.02,0.15,1033.62,"App","Tarjeta de Crédito"
1525,2025-11-14,"Teclado Mecánico","Periféricos",3,1133.91,0.1,3061.56,"Online","Transferencia"
1526,2025-11-16,"Smartphone","Móvil",3,966.84,0.1,2610.47,"Tienda Física","Transferencia"
1527,2025-11-18,"Cámara Web","Accesorios",5,690.72,0.15,2935.56,"Tienda Física","Mercado Pago"
1528,2025-11-20,"Audífonos","Audio",1,1298.89,0.15,1104.06,"Online","Tarjeta de Crédito"
1529,2025-11-22,"Monitor","Computación",4,351.55,0.05,1335.89,"App","Mercado Pago"
1530,2025-11-24,"Laptop","Computación",4,1145.29,0.05,4352.1,"Tienda Física","Transferencia"
1531,2025-11-26,"Reloj Inteligente","Wearables",3,373.06,0.05,1063.22,"App","Transferencia"
1532,2025-11-28,"Tablet","Móvil",5,1039.24,0.1,4676.58,"Online","Efectivo"
1533,2025-11-30,"Tablet","Móvil",3,175.89,0.05,501.29,"Online","Tarjeta de Crédito"
1534,2025-12-02,"Monitor","Computación",3,542.96,0.05,1547.44,"Online","Transferencia"
1535,2025-12-04,"Smartphone","Móvil",1,748.77,0.1,673.89,"App","Transferencia"
1536,2025-12-06,"Tablet","Móvil",2,1159.58,0,2319.16,"Tienda Física","Efectivo"
1537,2025-12-08,"Cámara Web","Accesorios",2,489.94,0.15,832.9,"App","Tarjeta de Crédito"
1538,2025-12-10,"Cámara Web","Accesorios",2,278.08,0.15,472.74,"Online","Efectivo"
1539,2025-12-12,"Audífonos","Audio",1,942.09,0.15,800.78,"App","Tarjeta de Crédito"
1540,2025-12-14,"Smartphone","Móvil",2,1223.47,0.1,2202.25,"Online","Transferencia"
1541,2025-12-16,"Laptop","Computación",1,625.08,0.05,593.83,"Online","Transferencia"
1542,2025-12-18,"Smartphone","Móvil",3,725.08,0,2175.24,"Online","Tarjeta de Crédito"
1543,2025-12-20,"Monitor","Computación",5,1221,0.15,5189.25,"App","Efectivo"
1544,2025-12-22,"Laptop","Computación",1,1095.39,0,1095.39,"App","Tarjeta de Crédito"
1545,2025-12-24,"Reloj Inteligente","Wearables",3,1200.03,0,3600.09,"App","Tarjeta de Crédito"
1546,2025-12-26,"Laptop","Computación",1,1230.35,0.15,1045.8,"Online","Transferencia"
1547,2025-12-28,"Audífonos","Audio",1,739.1,0.1,665.19,"Online","Tarjeta de Crédito"
1548,2025-12-30,"Reloj Inteligente","Wearables",5,284.06,0.15,1207.25,"Tienda Física","Mercado Pago"
1549,2026-01-01,"Smartphone","Móvil",4,1104.51,0.05,4197.14,"Tienda Física","Efectivo"
1550,2026-01-03,"Laptop","Computación",5,479.76,0.1,2158.92,"App","Transferencia"
1551,2026-01-05,"Smartphone","Móvil",2,587.92,0.1,1058.26,"Tienda Física","Tarjeta de Crédito"
1552,2026-01-07,"Audífonos","Audio",5,1034.02,0,5170.1,"Tienda Física","Efectivo"
1553,2026-01-09,"Tablet","Móvil",2,815.7,0.15,1386.69,"Tienda Física","Mercado Pago"
1554,2026-01-11,"Teclado Mecánico","Periféricos",1,1051.37,0.15,893.66,"App","Mercado Pago"
1555,2026-01-13,"Tablet","Móvil",2,388.08,0,776.16,"Online","Mercado Pago"
1556,2026-01-15,"Monitor","Computación",4,273.2,0.05,1038.16,"Tienda Física","Transferencia"
1557,2026-01-17,"Teclado Mecánico","Periféricos",5,159.09,0.05,755.68,"Online","Mercado Pago"
1558,2026-01-19,"Laptop","Computación",4,1210.68,0.15,4116.31,"Tienda Física","Mercado Pago"
1559,2026-01-21,"Reloj Inteligente","Wearables",3,163.49,0.1,441.42,"Tienda Física","Transferencia"
1560,2026-01-23,"Teclado Mecánico","Periféricos",5,651.64,0,3258.2,"Online","Tarjeta de Crédito"
1561,2026-01-25,"Audífonos","Audio",5,1179.1,0.1,5305.95,"App","Transferencia"
1562,2026-01-27,"Reloj Inteligente","Wearables",5,217.04,0.1,976.68,"App","Tarjeta de Crédito"
1563,2026-01-29,"Laptop","Computación",2,1204.3,0.15,2047.31,"Tienda Física","Tarjeta de Crédito"
1564,2026-01-31,"Tablet","Móvil",3,365.8,0.15,932.79,"Tienda Física","Efectivo"
1565,2026-02-02,"Laptop","Computación",3,1004.42,0.1,2711.93,"Tienda Física","Mercado Pago"
1566,2026-02-04,"Laptop","Computación",1,861.71,0.1,775.54,"Tienda Física","Mercado Pago"
1567,2026-02-06,"Tablet","Móvil",5,623.15,0.05,2959.96,"App","Efectivo"
1568,2026-02-08,"Cámara Web","Accesorios",5,930.49,0,4652.45,"App","Tarjeta de Crédito"
1569,2026-02-10,"Reloj Inteligente","Wearables",1,702.48,0.1,632.23,"Online","Tarjeta de Crédito"
1570,2026-02-12,"Teclado Mecánico","Periféricos",3,1067.25,0.1,2881.58,"Tienda Física","Mercado Pago"
1571,2026-02-14,"Monitor","Computación",5,1012.79,0.1,4557.56,"Online","Tarjeta de Crédito"
1572,2026-02-16,"Tablet","Móvil",1,911.55,0.1,820.4,"Tienda Física","Mercado Pago"
1573,2026-02-18,"Monitor","Computación",1,721.24,0,721.24,"Tienda Física","Tarjeta de Crédito"
1574,2026-02-20,"Cámara Web","Accesorios",1,572.27,0.05,543.66,"App","Mercado Pago"
1575,2026-02-22,"Reloj Inteligente","Wearables",5,344.12,0.05,1634.57,"Online","Efectivo"
1576,2026-02-24,"Reloj Inteligente","Wearables",4,432.62,0,1730.48,"App","Efectivo"
1577,2026-02-26,"Laptop","Computación",2,738.53,0.15,1255.5,"Online","Mercado Pago"
1578,2026-02-28,"Teclado Mecánico","Periféricos",2,860.78,0.05,1635.48,"Online","Transferencia"
1579,2026-03-02,"Reloj Inteligente","Wearables",3,1089.81,0,3269.43,"App","Tarjeta de Crédito"
1580,2026-03-04,"Reloj Inteligente","Wearables",4,849.34,0.05,3227.49,"App","Efectivo"
1581,2026-03-06,"Reloj Inteligente","Wearables",1,490.83,0.15,417.21,"App","Efectivo"
1582,2026-03-08,"Cámara Web","Accesorios",1,488.28,0.1,439.45,"Online","Tarjeta de Crédito"
1583,2026-03-10,"Tablet","Móvil",1,548.59,0,548.59,"Online","Efectivo"
1584,2026-03-12,"Monitor","Computación",3,1031.32,0,3093.96,"Online","Mercado Pago"
1585,2026-03-14,"Audífonos","Audio",2,233.37,0,466.74,"Tienda Física","Efectivo"
1586,2026-03-16,"Cámara Web","Accesorios",3,802.95,0.15,2047.52,"Tienda Física","Mercado Pago"
1587,2026-03-18,"Smartphone","Móvil",2,492.74,0.15,837.66,"Online","Transferencia"
1588,2026-03-20,"Monitor","Computación",4,580.9,0.15,1975.06,"Tienda Física","Efectivo"
1589,2026-03-22,"Tablet","Móvil",4,233.61,0.15,794.27,"Online","Efectivo"
1590,2026-03-24,"Audífonos","Audio",5,1088.8,0.05,5171.8,"Online","Tarjeta de Crédito"
1591,2026-03-26,"Monitor","Computación",2,891.74,0,1783.48,"Online","Efectivo"
1592,2026-03-28,"Monitor","Computación",1,1187.11,0.05,1127.75,"Tienda Física","Mercado Pago"
1593,2026-03-30,"Monitor","Computación",4,247.44,0.1,890.78,"Online","Tarjeta de Crédito"
1594,2026-04-01,"Monitor","Computación",4,938.33,0.05,3565.65,"App","Efectivo"
1595,2026-04-03,"Reloj Inteligente","Wearables",5,629.54,0.15,2675.54,"Online","Tarjeta de Crédito"
1596,2026-04-05,"Teclado Mecánico","Periféricos",4,485.29,0.15,1649.99,"Tienda Física","Transferencia"
1597,2026-04-07,"Monitor","Computación",4,1155.64,0,4622.56,"Online","Efectivo"
1598,2026-04-09,"Audífonos","Audio",3,474.67,0,1424.01,"Tienda Física","Efectivo"
1599,2026-04-11,"Laptop","Computación",1,306.85,0.05,291.51,"App","Mercado Pago"
1600,2026-04-13,"Tablet","Móvil",3,689.72,0.15,1758.79,"Tienda Física","Mercado Pago"
1601,2026-04-15,"Laptop","Computación",1,1088.67,0.1,979.8,"Online","Mercado Pago"
1602,2026-04-17,"Smartphone","Móvil",1,415.27,0,415.27,"Online","Transferencia"
1603,2026-04-19,"Teclado Mecánico","Periféricos",4,213.51,0.05,811.34,"Tienda Física","Tarjeta de Crédito"
1604,2026-04-21,"Reloj Inteligente","Wearables",4,292.57,0,1170.28,"Tienda Física","Mercado Pago"
1605,2026-04-23,"Audífonos","Audio",4,1217.75,0,4871,"Online","Mercado Pago"
1606,2026-04-25,"Audífonos","Audio",4,1272.24,0.1,4580.06,"Online","Transferencia"
1607,2026-04-27,"Tablet","Móvil",3,526.78,0.15,1343.29,"Tienda Física","Tarjeta de Crédito"
1608,2026-04-29,"Laptop","Computación",5,779.99,0.1,3509.96,"App","Mercado Pago"
1609,2026-05-01,"Smartphone","Móvil",1,1214.16,0.15,1032.04,"Online","Efectivo"
1610,2026-05-03,"Smartphone","Móvil",5,957.7,0.15,4070.22,"Tienda Física","Mercado Pago"
1611,2026-05-05,"Teclado Mecánico","Periféricos",5,66.15,0,330.75,"Tienda Física","Mercado Pago"
1612,2026-05-07,"Reloj Inteligente","Wearables",3,662.87,0,1988.61,"App","Efectivo"
1613,2026-05-09,"Cámara Web","Accesorios",1,1108.21,0.15,941.98,"App","Tarjeta de Crédito"
1614,2026-05-11,"Audífonos","Audio",3,706.53,0.05,2013.61,"Tienda Física","Efectivo"
1615,2026-05-13,"Laptop","Computación",2,916.76,0,1833.52,"App","Tarjeta de Crédito"
1616,2026-05-15,"Audífonos","Audio",4,356.72,0.1,1284.19,"App","Mercado Pago"
1617,2026-05-17,"Reloj Inteligente","Wearables",3,1194.78,0.05,3405.12,"Tienda Física","Transferencia"
1618,2026-05-19,"Cámara Web","Accesorios",5,898.85,0.05,4269.54,"Online","Efectivo"
1619,2026-05-21,"Monitor","Computación",5,479.59,0.1,2158.15,"Tienda Física","Mercado Pago"
1620,2026-05-23,"Reloj Inteligente","Wearables",2,1199.9,0.15,2039.83,"App","Tarjeta de Crédito"
1621,2026-05-25,"Audífonos","Audio",4,122.57,0.15,416.74,"App","Efectivo"
1622,2026-05-27,"Smartphone","Móvil",1,176.23,0.15,149.8,"Tienda Física","Mercado Pago"
1623,2026-05-29,"Reloj Inteligente","Wearables",2,881.31,0.1,1586.36,"Tienda Física","Efectivo"
1624,2026-05-31,"Cámara Web","Accesorios",4,687.78,0.15,2338.45,"Online","Tarjeta de Crédito"
1625,2026-06-02,"Tablet","Móvil",3,595.95,0.15,1519.67,"Online","Transferencia"
1626,2026-06-04,"Teclado Mecánico","Periféricos",4,198.73,0.05,755.17,"App","Mercado Pago"
1627,2026-06-06,"Smartphone","Móvil",4,1257.51,0,5030.04,"Online","Transferencia"
1628,2026-06-08,"Cámara Web","Accesorios",4,147.1,0.05,558.98,"App","Tarjeta de Crédito"
1629,2026-06-10,"Reloj Inteligente","Wearables",1,1106.34,0.1,995.71,"Tienda Física","Transferencia"
1630,2026-06-12,"Audífonos","Audio",4,1122.42,0.15,3816.23,"Tienda Física","Transferencia"
1631,2026-06-14,"Tablet","Móvil",4,1181.5,0.05,4489.7,"Tienda Física","Efectivo"
1632,2026-06-16,"Monitor","Computación",3,1291.4,0,3874.2,"App","Mercado Pago"
1633,2026-06-18,"Smartphone","Móvil",2,1164.61,0,2329.22,"App","Mercado Pago"
1634,2026-06-20,"Teclado Mecánico","Periféricos",3,681.48,0.1,1840,"Tienda Física","Transferencia"
1635,2026-06-22,"Reloj Inteligente","Wearables",3,568.75,0.05,1620.94,"Tienda Física","Tarjeta de Crédito"
1636,2026-06-24,"Laptop","Computación",3,238.81,0.1,644.79,"App","Mercado Pago"
1637,2026-06-26,"Laptop","Computación",3,716.86,0,2150.58,"Online","Efectivo"
1638,2026-06-28,"Cámara Web","Accesorios",2,542.8,0.05,1031.32,"Tienda Física","Tarjeta de Crédito"
1639,2026-06-30,"Reloj Inteligente","Wearables",4,375.32,0.15,1276.09,"Tienda Física","Efectivo"
1640,2026-07-02,"Audífonos","Audio",5,676.18,0.15,2873.76,"App","Transferencia"
1641,2026-07-04,"Laptop","Computación",2,978.07,0,1956.14,"Tienda Física","Mercado Pago"
1642,2026-07-06,"Laptop","Computación",1,1027.68,0.1,924.91,"Tienda Física","Transferencia"
1643,2026-07-08,"Cámara Web","Accesorios",2,1031.43,0.15,1753.43,"Online","Tarjeta de Crédito"
1644,2026-07-10,"Cámara Web","Accesorios",3,679.66,0.05,1937.03,"Online","Efectivo"
1645,2026-07-12,"Cámara Web","Accesorios",3,1263.18,0.05,3600.06,"Online","Tarjeta de Crédito"
1646,2026-07-14,"Smartphone","Móvil",4,135.83,0,543.32,"Tienda Física","Tarjeta de Crédito"
1647,2026-07-16,"Audífonos","Audio",3,922.98,0,2768.94,"Tienda Física","Efectivo"
1648,2026-07-18,"Teclado Mecánico","Periféricos",3,838.35,0.15,2137.79,"App","Efectivo"
1649,2026-07-20,"Laptop","Computación",3,144.42,0.05,411.6,"Tienda Física","Mercado Pago"
1650,2026-07-22,"Teclado Mecánico","Periféricos",4,1139.15,0.15,3873.11,"App","Transferencia"
1651,2026-07-24,"Audífonos","Audio",2,499.07,0.05,948.23,"Online","Mercado Pago"
1652,2026-07-26,"Cámara Web","Accesorios",5,55.45,0,277.25,"Tienda Física","Mercado Pago"
1653,2026-07-28,"Teclado Mecánico","Periféricos",1,78.41,0,78.41,"App","Transferencia"
1654,2026-07-30,"Audífonos","Audio",3,218.99,0,656.97,"Tienda Física","Mercado Pago"
1655,2026-08-01,"Monitor","Computación",4,438.05,0.1,1576.98,"Online","Mercado Pago"
1656,2026-08-03,"Reloj Inteligente","Wearables",2,832.42,0.05,1581.6,"App","Mercado Pago"
1657,2026-08-05,"Audífonos","Audio",4,726.06,0.15,2468.6,"Tienda Física","Efectivo"
1658,2026-08-07,"Laptop","Computación",1,1097.1,0.1,987.39,"Tienda Física","Transferencia"
1659,2026-08-09,"Smartphone","Móvil",2,881.72,0,1763.44,"Online","Efectivo"
1660,2026-08-11,"Cámara Web","Accesorios",2,1035.85,0.1,1864.53,"Tienda Física","Transferencia"
1661,2026-08-13,"Monitor","Computación",1,1299.68,0,1299.68,"Online","Transferencia"
1662,2026-08-15,"Audífonos","Audio",1,971.27,0.15,825.58,"Online","Mercado Pago"
1663,2026-08-17,"Teclado Mecánico","Periféricos",5,1139.65,0,5698.25,"Online","Transferencia"
1664,2026-08-19,"Audífonos","Audio",2,267.54,0.1,481.57,"App","Efectivo"
1665,2026-08-21,"Monitor","Computación",4,265.86,0.15,903.92,"Online","Mercado Pago"
1666,2026-08-23,"Audífonos","Audio",4,406.35,0.1,1462.86,"Tienda Física","Efectivo"
1667,2026-08-25,"Tablet","Móvil",3,173.18,0,519.54,"Tienda Física","Tarjeta de Crédito"
1668,2026-08-27,"Monitor","Computación",1,826.83,0,826.83,"Online","Mercado Pago"
1669,2026-08-29,"Monitor","Computación",2,1194.63,0.05,2269.8,"Tienda Física","Tarjeta de Crédito"
1670,2026-08-31,"Tablet","Móvil",3,533.66,0.05,1520.93,"App","Transferencia"
1671,2026-09-02,"Tablet","Móvil",3,468.59,0.1,1265.19,"Tienda Física","Transferencia"
1672,2026-09-04,"Monitor","Computación",2,1213.14,0,2426.28,"Online","Transferencia"
1673,2026-09-06,"Laptop","Computación",2,223.28,0.1,401.9,"App","Tarjeta de Crédito"
1674,2026-09-08,"Monitor","Computación",1,236.74,0,236.74,"Tienda Física","Efectivo"
1675,2026-09-10,"Tablet","Móvil",1,835.51,0.05,793.73,"App","Transferencia"
1676,2026-09-12,"Reloj Inteligente","Wearables",1,895.37,0.15,761.06,"Online","Transferencia"
1677,2026-09-14,"Tablet","Móvil",3,741.7,0,2225.1,"Tienda Física","Mercado Pago"
1678,2026-09-16,"Teclado Mecánico","Periféricos",3,216.94,0.1,585.74,"Tienda Física","Mercado Pago"
1679,2026-09-18,"Tablet","Móvil",5,86.97,0.15,369.62,"Tienda Física","Mercado Pago"
1680,2026-09-20,"Laptop","Computación",5,712.66,0.15,3028.8,"Tienda Física","Tarjeta de Crédito"
1681,2026-09-22,"Cámara Web","Accesorios",1,59.31,0.05,56.34,"App","Efectivo"
1682,2026-09-24,"Smartphone","Móvil",3,487.9,0,1463.7,"Tienda Física","Mercado Pago"
1683,2026-09-26,"Reloj Inteligente","Wearables",1,866.09,0.05,822.79,"Tienda Física","Efectivo"
1684,2026-09-28,"Audífonos","Audio",2,760.02,0.15,1292.03,"Tienda Física","Mercado Pago"
1685,2026-09-30,"Laptop","Computación",1,1000.35,0.15,850.3,"App","Transferencia"
1686,2026-10-02,"Reloj Inteligente","Wearables",5,782.14,0.15,3324.09,"App","Efectivo"
1687,2026-10-04,"Tablet","Móvil",4,1067.52,0.05,4056.58,"Online","Efectivo"
1688,2026-10-06,"Monitor","Computación",5,676.14,0,3380.7,"Tienda Física","Transferencia"
1689,2026-10-08,"Reloj Inteligente","Wearables",2,1190.15,0.05,2261.28,"Tienda Física","Mercado Pago"
1690,2026-10-10,"Tablet","Móvil",2,1263.65,0.15,2148.2,"Tienda Física","Mercado Pago"
1691,2026-10-12,"Monitor","Computación",2,498.53,0.1,897.35,"Tienda Física","Transferencia"
1692,2026-10-14,"Reloj Inteligente","Wearables",5,519.56,0.05,2467.91,"App","Transferencia"
1693,2026-10-16,"Tablet","Móvil",2,730.75,0,1461.5,"Online","Efectivo"
1694,2026-10-18,"Laptop","Computación",3,631.95,0.1,1706.27,"Online","Efectivo"
1695,2026-10-20,"Reloj Inteligente","Wearables",4,840.33,0.15,2857.12,"Online","Mercado Pago"
1696,2026-10-22,"Audífonos","Audio",2,773.48,0.05,1469.61,"Tienda Física","Mercado Pago"
1697,2026-10-24,"Audífonos","Audio",3,1292,0.05,3682.2,"App","Mercado Pago"
1698,2026-10-26,"Monitor","Computación",4,949.47,0,3797.88,"Online","Mercado Pago"
1699,2026-10-28,"Tablet","Móvil",2,954.6,0.05,1813.74,"Tienda Física","Efectivo"
1700,2026-10-30,"Reloj Inteligente","Wearables",5,242.49,0.15,1030.58,"App","Efectivo"
1701,2026-11-01,"Smartphone","Móvil",2,501.74,0.05,953.31,"Online","Mercado Pago"
1702,2026-11-03,"Laptop","Computación",4,227.12,0.1,817.63,"Online","Mercado Pago"
1703,2026-11-05,"Tablet","Móvil",4,962.51,0.05,3657.54,"Online","Tarjeta de Crédito"
1704,2026-11-07,"Cámara Web","Accesorios",4,937.61,0.15,3187.87,"App","Mercado Pago"
1705,2026-11-09,"Tablet","Móvil",5,1273.6,0.1,5731.2,"Online","Efectivo"
1706,2026-11-11,"Tablet","Móvil",2,901.36,0,1802.72,"Online","Efectivo"
1707,2026-11-13,"Laptop","Computación",2,1042.25,0.1,1876.05,"Online","Transferencia"
1708,2026-11-15,"Audífonos","Audio",2,1155.68,0.1,2080.22,"App","Efectivo"
1709,2026-11-17,"Reloj Inteligente","Wearables",5,680.49,0.15,2892.08,"App","Transferencia"
1710,2026-11-19,"Teclado Mecánico","Periféricos",4,642.82,0.1,2314.15,"Tienda Física","Mercado Pago"
1711,2026-11-21,"Teclado Mecánico","Periféricos",2,844.77,0.15,1436.11,"Tienda Física","Tarjeta de Crédito"
1712,2026-11-23,"Monitor","Computación",5,756.64,0.05,3594.04,"Online","Mercado Pago"
1713,2026-11-25,"Smartphone","Móvil",4,1143.16,0.15,3886.74,"App","Tarjeta de Crédito"
1714,2026-11-27,"Tablet","Móvil",5,1078.54,0.1,4853.43,"Tienda Física","Tarjeta de Crédito"
1715,2026-11-29,"Tablet","Móvil",3,576.69,0,1730.07,"Online","Transferencia"
1716,2026-12-01,"Tablet","Móvil",2,496.94,0,993.88,"App","Tarjeta de Crédito"
1717,2026-12-03,"Cámara Web","Accesorios",2,152.32,0.15,258.94,"App","Tarjeta de Crédito"
1718,2026-12-05,"Laptop","Computación",3,1167.98,0.15,2978.35,"Tienda Física","Efectivo"
1719,2026-12-07,"Laptop","Computación",3,215.32,0,645.96,"App","Mercado Pago"
1720,2026-12-09,"Audífonos","Audio",1,1200.92,0.05,1140.87,"App","Efectivo"
1721,2026-12-11,"Smartphone","Móvil",2,665.44,0.05,1264.34,"Tienda Física","Mercado Pago"
1722,2026-12-13,"Teclado Mecánico","Periféricos",1,1155.64,0.05,1097.86,"App","Transferencia"
1723,2026-12-15,"Audífonos","Audio",3,1232.04,0.05,3511.31,"Online","Tarjeta de Crédito"
1724,2026-12-17,"Tablet","Móvil",1,853.32,0.15,725.32,"Tienda Física","Transferencia"
1725,2026-12-19,"Reloj Inteligente","Wearables",4,249.81,0,999.24,"Tienda Física","Efectivo"
1726,2026-12-21,"Teclado Mecánico","Periféricos",5,470.1,0,2350.5,"Tienda Física","Transferencia"
1727,2026-12-23,"Smartphone","Móvil",5,996.63,0.1,4484.84,"Online","Efectivo"
1728,2026-12-25,"Monitor","Computación",4,751.19,0.05,2854.52,"Tienda Física","Mercado Pago"
1729,2026-12-27,"Smartphone","Móvil",3,877.85,0.15,2238.52,"Tienda Física","Efectivo"
1730,2026-12-29,"Smartphone","Móvil",4,1181.06,0,4724.24,"Online","Mercado Pago"
1731,2026-12-31,"Laptop","Computación",1,327.13,0.05,310.77,"App","Transferencia"
1732,2027-01-02,"Smartphone","Móvil",2,501.42,0.15,852.41,"Tienda Física","Mercado Pago"
1733,2027-01-04,"Reloj Inteligente","Wearables",1,1275.78,0.1,1148.2,"Online","Mercado Pago"
1734,2027-01-06,"Audífonos","Audio",4,1005.49,0,4021.96,"App","Mercado Pago"
1735,2027-01-08,"Audífonos","Audio",2,283.23,0.15,481.49,"App","Efectivo"
1736,2027-01-10,"Reloj Inteligente","Wearables",4,471.43,0.05,1791.43,"Online","Tarjeta de Crédito"
1737,2027-01-12,"Monitor","Computación",5,213.62,0,1068.1,"App","Efectivo"
1738,2027-01-14,"Monitor","Computación",3,107.45,0.05,306.23,"App","Tarjeta de Crédito"
1739,2027-01-16,"Cámara Web","Accesorios",2,690.01,0.15,1173.02,"Online","Mercado Pago"
1740,2027-01-18,"Audífonos","Audio",1,94.24,0,94.24,"App","Efectivo"
1741,2027-01-20,"Monitor","Computación",5,810.44,0.15,3444.37,"Tienda Física","Tarjeta de Crédito"
1742,2027-01-22,"Reloj Inteligente","Wearables",2,98.24,0.05,186.66,"App","Tarjeta de Crédito"
1743,2027-01-24,"Cámara Web","Accesorios",1,700.06,0,700.06,"Online","Transferencia"
1744,2027-01-26,"Smartphone","Móvil",5,954.35,0.15,4055.99,"App","Efectivo"
1745,2027-01-28,"Audífonos","Audio",1,797.03,0.1,717.33,"Tienda Física","Tarjeta de Crédito"
1746,2027-01-30,"Audífonos","Audio",4,1129.51,0.1,4066.24,"Online","Mercado Pago"
1747,2027-02-01,"Laptop","Computación",2,415.13,0.05,788.75,"Online","Efectivo"
1748,2027-02-03,"Laptop","Computación",4,901.04,0,3604.16,"App","Mercado Pago"
1749,2027-02-05,"Cámara Web","Accesorios",1,943.24,0,943.24,"Tienda Física","Mercado Pago"
1750,2027-02-07,"Tablet","Móvil",5,692.02,0.1,3114.09,"Online","Mercado Pago"
1751,2027-02-09,"Teclado Mecánico","Periféricos",3,545.25,0.1,1472.17,"App","Efectivo"
1752,2027-02-11,"Teclado Mecánico","Periféricos",4,1009.75,0,4039,"Tienda Física","Tarjeta de Crédito"
1753,2027-02-13,"Cámara Web","Accesorios",2,158.51,0.05,301.17,"Tienda Física","Transferencia"
1754,2027-02-15,"Reloj Inteligente","Wearables",3,558.58,0,1675.74,"Tienda Física","Transferencia"
1755,2027-02-17,"Cámara Web","Accesorios",4,1000.53,0.05,3802.01,"Tienda Física","Tarjeta de Crédito"
1756,2027-02-19,"Smartphone","Móvil",4,331.79,0,1327.16,"App","Mercado Pago"
1757,2027-02-21,"Smartphone","Móvil",3,622.13,0.1,1679.75,"Online","Tarjeta de Crédito"
1758,2027-02-23,"Reloj Inteligente","Wearables",5,1195.99,0.15,5082.96,"Online","Tarjeta de Crédito"
1759,2027-02-25,"Cámara Web","Accesorios",4,1069.8,0.15,3637.32,"Tienda Física","Tarjeta de Crédito"
1760,2027-02-27,"Audífonos","Audio",3,439.71,0,1319.13,"App","Transferencia"
1761,2027-03-01,"Tablet","Móvil",2,370.04,0.05,703.08,"Tienda Física","Tarjeta de Crédito"
1762,2027-03-03,"Teclado Mecánico","Periféricos",4,730.52,0,2922.08,"Online","Efectivo"
1763,2027-03-05,"Laptop","Computación",5,91.79,0.15,390.11,"Tienda Física","Mercado Pago"
1764,2027-03-07,"Cámara Web","Accesorios",4,477.18,0.15,1622.41,"Tienda Física","Transferencia"
1765,2027-03-09,"Teclado Mecánico","Periféricos",2,732.99,0.15,1246.08,"App","Transferencia"
1766,2027-03-11,"Audífonos","Audio",1,1012.88,0.1,911.59,"Tienda Física","Mercado Pago"
1767,2027-03-13,"Monitor","Computación",4,198.58,0,794.32,"App","Tarjeta de Crédito"
1768,2027-03-15,"Smartphone","Móvil",3,1242.18,0,3726.54,"Online","Mercado Pago"
1769,2027-03-17,"Reloj Inteligente","Wearables",4,510.21,0,2040.84,"Online","Mercado Pago"
1770,2027-03-19,"Teclado Mecánico","Periféricos",5,1246.43,0.1,5608.94,"Online","Transferencia"
1771,2027-03-21,"Smartphone","Móvil",4,385.58,0.1,1388.09,"Tienda Física","Tarjeta de Crédito"
1772,2027-03-23,"Tablet","Móvil",3,1054.92,0.1,2848.28,"Tienda Física","Efectivo"
1773,2027-03-25,"Smartphone","Móvil",1,497.42,0.05,472.55,"Online","Mercado Pago"
1774,2027-03-27,"Monitor","Computación",2,794.3,0.1,1429.74,"Tienda Física","Transferencia"
1775,2027-03-29,"Cámara Web","Accesorios",5,67.52,0.15,286.96,"Online","Tarjeta de Crédito"
1776,2027-03-31,"Monitor","Computación",1,79.12,0.1,71.21,"Online","Mercado Pago"
1777,2027-04-02,"Laptop","Computación",3,697.31,0.15,1778.14,"Online","Efectivo"
1778,2027-04-04,"Cámara Web","Accesorios",4,1166.6,0.05,4433.08,"Online","Transferencia"
1779,2027-04-06,"Cámara Web","Accesorios",2,80.96,0.05,153.82,"Online","Mercado Pago"
1780,2027-04-08,"Tablet","Móvil",1,215.38,0.15,183.07,"Tienda Física","Mercado Pago"
1781,2027-04-10,"Tablet","Móvil",1,682.74,0.05,648.6,"Tienda Física","Transferencia"
1782,2027-04-12,"Monitor","Computación",1,188.68,0.1,169.81,"Tienda Física","Efectivo"
1783,2027-04-14,"Smartphone","Móvil",2,1175.04,0,2350.08,"App","Mercado Pago"
1784,2027-04-16,"Cámara Web","Accesorios",5,1286.81,0.1,5790.64,"Tienda Física","Mercado Pago"
1785,2027-04-18,"Audífonos","Audio",3,186.13,0.1,502.55,"Online","Transferencia"
1786,2027-04-20,"Monitor","Computación",2,605,0.1,1089,"Online","Transferencia"
1787,2027-04-22,"Teclado Mecánico","Periféricos",2,1030.5,0,2061,"App","Efectivo"
1788,2027-04-24,"Audífonos","Audio",3,372.14,0.1,1004.78,"App","Mercado Pago"
1789,2027-04-26,"Tablet","Móvil",1,430.09,0.05,408.59,"App","Transferencia"
1790,2027-04-28,"Laptop","Computación",5,699.87,0.1,3149.42,"Online","Mercado Pago"
1791,2027-04-30,"Smartphone","Móvil",3,1233.67,0.05,3515.96,"Tienda Física","Mercado Pago"
1792,2027-05-02,"Reloj Inteligente","Wearables",3,1147.06,0.1,3097.06,"Tienda Física","Transferencia"
1793,2027-05-04,"Monitor","Computación",1,592.11,0,592.11,"App","Mercado Pago"
1794,2027-05-06,"Tablet","Móvil",4,888.08,0.1,3197.09,"App","Efectivo"
1795,2027-05-08,"Audífonos","Audio",2,74.88,0.05,142.27,"Tienda Física","Efectivo"
1796,2027-05-10,"Audífonos","Audio",2,720.36,0,1440.72,"Online","Tarjeta de Crédito"
1797,2027-05-12,"Laptop","Computación",4,711.42,0,2845.68,"Online","Mercado Pago"
1798,2027-05-14,"Laptop","Computación",3,470.02,0,1410.06,"Online","Mercado Pago"
1799,2027-05-16,"Reloj Inteligente","Wearables",4,230.76,0.15,784.58,"Online","Mercado Pago"
1800,2027-05-18,"Smartphone","Móvil",2,494.66,0.05,939.85,"Online","Efectivo"
1801,2027-05-20,"Smartphone","Móvil",1,1053.92,0,1053.92,"Tienda Física","Efectivo"
1802,2027-05-22,"Monitor","Computación",1,844.77,0.05,802.53,"Tienda Física","Mercado Pago"
1803,2027-05-24,"Teclado Mecánico","Periféricos",5,1072.97,0.05,5096.61,"Tienda Física","Transferencia"
1804,2027-05-26,"Monitor","Computación",4,371.57,0.15,1263.34,"Online","Transferencia"
1805,2027-05-28,"Audífonos","Audio",5,514.79,0.05,2445.25,"Tienda Física","Transferencia"
1806,2027-05-30,"Teclado Mecánico","Periféricos",2,919.33,0.1,1654.79,"Online","Tarjeta de Crédito"
1807,2027-06-01,"Laptop","Computación",1,1202.37,0.15,1022.01,"App","Mercado Pago"
1808,2027-06-03,"Reloj Inteligente","Wearables",2,140.13,0.05,266.25,"Online","Mercado Pago"
1809,2027-06-05,"Reloj Inteligente","Wearables",1,245.46,0,245.46,"Tienda Física","Transferencia"
1810,2027-06-07,"Laptop","Computación",5,935.4,0.05,4443.15,"App","Tarjeta de Crédito"
1811,2027-06-09,"Cámara Web","Accesorios",1,777.58,0,777.58,"Online","Transferencia"
1812,2027-06-11,"Monitor","Computación",1,130.41,0,130.41,"Tienda Física","Transferencia"
1813,2027-06-13,"Tablet","Móvil",2,1168.2,0.05,2219.58,"App","Mercado Pago"
1814,2027-06-15,"Laptop","Computación",2,965.46,0.15,1641.28,"Online","Transferencia"
1815,2027-06-17,"Laptop","Computación",4,1169.24,0.15,3975.42,"Tienda Física","Efectivo"
1816,2027-06-19,"Smartphone","Móvil",4,775.67,0.05,2947.55,"Online","Efectivo"
1817,2027-06-21,"Monitor","Computación",1,349.09,0.05,331.64,"Tienda Física","Mercado Pago"
1818,2027-06-23,"Smartphone","Móvil",4,811.66,0.1,2921.98,"Tienda Física","Efectivo"
1819,2027-06-25,"Smartphone","Móvil",1,261.48,0.15,222.26,"Online","Transferencia"
1820,2027-06-27,"Cámara Web","Accesorios",4,957.33,0,3829.32,"Online","Transferencia"
1821,2027-06-29,"Monitor","Computación",3,262.08,0.15,668.3,"App","Tarjeta de Crédito"
1822,2027-07-01,"Smartphone","Móvil",4,203.53,0.1,732.71,"App","Transferencia"
1823,2027-07-03,"Audífonos","Audio",5,624.89,0.1,2812,"App","Efectivo"
1824,2027-07-05,"Audífonos","Audio",4,162.49,0.15,552.47,"Tienda Física","Mercado Pago"
1825,2027-07-07,"Reloj Inteligente","Wearables",5,747.87,0.05,3552.38,"Tienda Física","Tarjeta de Crédito"
1826,2027-07-09,"Monitor","Computación",2,727.5,0.1,1309.5,"Tienda Física","Transferencia"
1827,2027-07-11,"Cámara Web","Accesorios",5,665.1,0,3325.5,"Online","Efectivo"
1828,2027-07-13,"Tablet","Móvil",1,514.34,0.05,488.62,"Online","Tarjeta de Crédito"
1829,2027-07-15,"Teclado Mecánico","Periféricos",2,104.45,0.1,188.01,"App","Tarjeta de Crédito"
1830,2027-07-17,"Audífonos","Audio",5,1276.29,0.15,5424.23,"App","Tarjeta de Crédito"
1831,2027-07-19,"Reloj Inteligente","Wearables",5,842.79,0.05,4003.25,"Online","Tarjeta de Crédito"
1832,2027-07-21,"Cámara Web","Accesorios",2,477.07,0.15,811.02,"Tienda Física","Efectivo"
1833,2027-07-23,"Smartphone","Móvil",2,516.53,0.1,929.75,"Tienda Física","Mercado Pago"
1834,2027-07-25,"Teclado Mecánico","Periféricos",1,1096.72,0,1096.72,"Tienda Física","Transferencia"
1835,2027-07-27,"Cámara Web","Accesorios",4,969.23,0.1,3489.23,"Tienda Física","Mercado Pago"
1836,2027-07-29,"Reloj Inteligente","Wearables",4,333.17,0,1332.68,"App","Mercado Pago"
1837,2027-07-31,"Monitor","Computación",5,851.85,0.1,3833.33,"Online","Transferencia"
1838,2027-08-02,"Cámara Web","Accesorios",4,151.08,0.05,574.1,"Tienda Física","Efectivo"
1839,2027-08-04,"Reloj Inteligente","Wearables",4,285.92,0,1143.68,"Online","Mercado Pago"
1840,2027-08-06,"Audífonos","Audio",3,221.19,0.05,630.39,"Tienda Física","Transferencia"
1841,2027-08-08,"Audífonos","Audio",3,896.13,0.1,2419.55,"App","Mercado Pago"
1842,2027-08-10,"Cámara Web","Accesorios",3,400.56,0.05,1141.6,"Tienda Física","Tarjeta de Crédito"
1843,2027-08-12,"Smartphone","Móvil",5,240.29,0,1201.45,"Tienda Física","Efectivo"
1844,2027-08-14,"Tablet","Móvil",2,798.95,0.1,1438.11,"Tienda Física","Transferencia"
1845,2027-08-16,"Tablet","Móvil",3,236.17,0.05,673.08,"Tienda Física","Transferencia"
1846,2027-08-18,"Teclado Mecánico","Periféricos",3,963.82,0,2891.46,"Online","Efectivo"
1847,2027-08-20,"Cámara Web","Accesorios",4,939.14,0.1,3380.9,"App","Efectivo"
1848,2027-08-22,"Audífonos","Audio",2,667.1,0.1,1200.78,"App","Tarjeta de Crédito"
1849,2027-08-24,"Audífonos","Audio",2,1067.66,0.15,1815.02,"App","Efectivo"
1850,2027-08-26,"Smartphone","Móvil",3,174.52,0.05,497.38,"Online","Mercado Pago"
1851,2027-08-28,"Reloj Inteligente","Wearables",2,765.25,0.15,1300.92,"Tienda Física","Transferencia"
1852,2027-08-30,"Reloj Inteligente","Wearables",5,749.58,0,3747.9,"App","Tarjeta de Crédito"
1853,2027-09-01,"Monitor","Computación",5,719.02,0.1,3235.59,"Online","Mercado Pago"
1854,2027-09-03,"Reloj Inteligente","Wearables",5,712.67,0.1,3207.01,"Tienda Física","Tarjeta de Crédito"
1855,2027-09-05,"Monitor","Computación",2,1240.25,0.1,2232.45,"Online","Efectivo"
1856,2027-09-07,"Monitor","Computación",4,205.3,0,821.2,"App","Transferencia"
1857,2027-09-09,"Reloj Inteligente","Wearables",5,830.02,0,4150.1,"Tienda Física","Efectivo"
1858,2027-09-11,"Teclado Mecánico","Periféricos",5,303,0.15,1287.75,"App","Transferencia"
1859,2027-09-13,"Laptop","Computación",2,1161.56,0.05,2206.96,"Tienda Física","Tarjeta de Crédito"
1860,2027-09-15,"Teclado Mecánico","Periféricos",5,132.56,0.05,629.66,"Tienda Física","Mercado Pago"
1861,2027-09-17,"Teclado Mecánico","Periféricos",3,626.27,0.1,1690.93,"Online","Mercado Pago"
1862,2027-09-19,"Smartphone","Móvil",5,440.62,0.15,1872.63,"App","Transferencia"
1863,2027-09-21,"Monitor","Computación",5,277.59,0,1387.95,"App","Mercado Pago"
1864,2027-09-23,"Tablet","Móvil",2,542.98,0.1,977.36,"Tienda Física","Transferencia"
1865,2027-09-25,"Laptop","Computación",2,1176.01,0,2352.02,"Online","Tarjeta de Crédito"
1866,2027-09-27,"Audífonos","Audio",3,515.06,0,1545.18,"App","Mercado Pago"
1867,2027-09-29,"Audífonos","Audio",5,983.77,0.15,4181.02,"Online","Efectivo"
1868,2027-10-01,"Tablet","Móvil",3,211.18,0.1,570.19,"Online","Mercado Pago"
1869,2027-10-03,"Smartphone","Móvil",5,763.09,0.05,3624.68,"Tienda Física","Mercado Pago"
1870,2027-10-05,"Teclado Mecánico","Periféricos",5,320.85,0,1604.25,"Tienda Física","Transferencia"
1871,2027-10-07,"Laptop","Computación",3,1270.59,0.15,3240,"Online","Tarjeta de Crédito"
1872,2027-10-09,"Smartphone","Móvil",5,629.17,0.15,2673.97,"Tienda Física","Efectivo"
1873,2027-10-11,"Monitor","Computación",3,305.59,0.1,825.09,"Online","Transferencia"
1874,2027-10-13,"Teclado Mecánico","Periféricos",5,1134.67,0,5673.35,"Online","Transferencia"
1875,2027-10-15,"Audífonos","Audio",5,141.17,0.15,599.97,"Online","Mercado Pago"
1876,2027-10-17,"Teclado Mecánico","Periféricos",1,274.42,0.15,233.26,"Online","Mercado Pago"
1877,2027-10-19,"Reloj Inteligente","Wearables",4,214.58,0,858.32,"App","Transferencia"
1878,2027-10-21,"Tablet","Móvil",5,1223.38,0.1,5505.21,"App","Transferencia"
1879,2027-10-23,"Cámara Web","Accesorios",1,666.04,0,666.04,"App","Efectivo"
1880,2027-10-25,"Cámara Web","Accesorios",4,1279.25,0,5117,"Online","Tarjeta de Crédito"
1881,2027-10-27,"Tablet","Móvil",1,288.37,0.1,259.53,"App","Mercado Pago"
1882,2027-10-29,"Monitor","Computación",5,256.17,0,1280.85,"Tienda Física","Mercado Pago"
1883,2027-10-31,"Teclado Mecánico","Periféricos",5,711.06,0.05,3377.53,"Online","Efectivo"
1884,2027-11-02,"Reloj Inteligente","Wearables",3,980.93,0.05,2795.65,"App","Efectivo"
1885,2027-11-04,"Laptop","Computación",5,754.05,0,3770.25,"Tienda Física","Tarjeta de Crédito"
1886,2027-11-06,"Laptop","Computación",5,460.4,0,2302,"App","Tarjeta de Crédito"
1887,2027-11-08,"Smartphone","Móvil",4,1257.59,0.05,4778.84,"App","Transferencia"
1888,2027-11-10,"Reloj Inteligente","Wearables",3,646.01,0.05,1841.13,"Online","Efectivo"
1889,2027-11-12,"Reloj Inteligente","Wearables",1,158.07,0.15,134.36,"Online","Efectivo"
1890,2027-11-14,"Reloj Inteligente","Wearables",1,1155.99,0.1,1040.39,"Tienda Física","Tarjeta de Crédito"
1891,2027-11-16,"Smartphone","Móvil",2,353.15,0.05,670.98,"App","Mercado Pago"
1892,2027-11-18,"Monitor","Computación",2,821.06,0.1,1477.91,"Tienda Física","Efectivo"
1893,2027-11-20,"Cámara Web","Accesorios",3,844.46,0.1,2280.04,"Online","Efectivo"
1894,2027-11-22,"Laptop","Computación",4,1075.36,0,4301.44,"Tienda Física","Tarjeta de Crédito"
1895,2027-11-24,"Audífonos","Audio",5,1181.79,0.15,5022.61,"Tienda Física","Transferencia"
1896,2027-11-26,"Laptop","Computación",4,787.67,0.1,2835.61,"App","Efectivo"
1897,2027-11-28,"Teclado Mecánico","Periféricos",2,423.56,0,847.12,"Online","Efectivo"
1898,2027-11-30,"Teclado Mecánico","Periféricos",1,1151.89,0.15,979.11,"Online","Transferencia"
1899,2027-12-02,"Cámara Web","Accesorios",4,345.77,0,1383.08,"Online","Efectivo"
1900,2027-12-04,"Audífonos","Audio",5,470.48,0,2352.4,"App","Efectivo"
1901,2027-12-06,"Monitor","Computación",1,256.78,0.1,231.1,"Tienda Física","Tarjeta de Crédito"
1902,2027-12-08,"Audífonos","Audio",1,1119.29,0.15,951.4,"Tienda Física","Mercado Pago"
1903,2027-12-10,"Smartphone","Móvil",5,1049.43,0,5247.15,"Tienda Física","Mercado Pago"
1904,2027-12-12,"Laptop","Computación",3,855.55,0,2566.65,"App","Mercado Pago"
1905,2027-12-14,"Laptop","Computación",5,448.41,0.15,1905.74,"Tienda Física","Efectivo"
1906,2027-12-16,"Cámara Web","Accesorios",3,496.01,0.15,1264.83,"Online","Mercado Pago"
1907,2027-12-18,"Teclado Mecánico","Periféricos",1,552.33,0.05,524.71,"App","Efectivo"
1908,2027-12-20,"Audífonos","Audio",2,1187.59,0.15,2018.9,"Tienda Física","Transferencia"
1909,2027-12-22,"Audífonos","Audio",5,1297.46,0.1,5838.57,"App","Tarjeta de Crédito"
1910,2027-12-24,"Audífonos","Audio",3,273.64,0,820.92,"Online","Mercado Pago"
1911,2027-12-26,"Teclado Mecánico","Periféricos",3,417.79,0,1253.37,"Online","Tarjeta de Crédito"
1912,2027-12-28,"Audífonos","Audio",5,984.81,0.1,4431.64,"App","Mercado Pago"
1913,2027-12-30,"Laptop","Computación",4,988.36,0,3953.44,"Online","Mercado Pago"
1914,2028-01-01,"Teclado Mecánico","Periféricos",2,1060.96,0,2121.92,"Online","Transferencia"
1915,2028-01-03,"Audífonos","Audio",3,1219.92,0.05,3476.77,"Online","Tarjeta de Crédito"
1916,2028-01-05,"Tablet","Móvil",3,1212.47,0.05,3455.54,"Tienda Física","Mercado Pago"
1917,2028-01-07,"Monitor","Computación",2,481.62,0.05,915.08,"Tienda Física","Transferencia"
1918,2028-01-09,"Tablet","Móvil",2,750.72,0.15,1276.22,"App","Transferencia"
1919,2028-01-11,"Smartphone","Móvil",3,1283.84,0.15,3273.79,"App","Mercado Pago"
1920,2028-01-13,"Reloj Inteligente","Wearables",2,480.71,0.1,865.28,"Tienda Física","Transferencia"
1921,2028-01-15,"Smartphone","Móvil",4,107.45,0.15,365.33,"Tienda Física","Efectivo"
1922,2028-01-17,"Monitor","Computación",3,272.43,0.05,776.43,"Tienda Física","Tarjeta de Crédito"
1923,2028-01-19,"Laptop","Computación",2,280.51,0,561.02,"App","Mercado Pago"
1924,2028-01-21,"Smartphone","Móvil",5,508.98,0,2544.9,"Online","Mercado Pago"
1925,2028-01-23,"Monitor","Computación",4,1236.52,0.05,4698.78,"App","Efectivo"
1926,2028-01-25,"Monitor","Computación",3,475.96,0.1,1285.09,"App","Mercado Pago"
1927,2028-01-27,"Laptop","Computación",3,702.44,0.15,1791.22,"Online","Efectivo"
1928,2028-01-29,"Monitor","Computación",3,349.14,0,1047.42,"Online","Tarjeta de Crédito"
1929,2028-01-31,"Tablet","Móvil",1,419.03,0.15,356.18,"Online","Tarjeta de Crédito"
1930,2028-02-02,"Smartphone","Móvil",2,367.06,0,734.12,"Online","Tarjeta de Crédito"
1931,2028-02-04,"Tablet","Móvil",5,1151.07,0,5755.35,"Tienda Física","Efectivo"
1932,2028-02-06,"Reloj Inteligente","Wearables",2,669.27,0.05,1271.61,"App","Tarjeta de Crédito"
1933,2028-02-08,"Monitor","Computación",2,583.83,0.15,992.51,"App","Tarjeta de Crédito"
1934,2028-02-10,"Audífonos","Audio",5,1092.27,0,5461.35,"Online","Tarjeta de Crédito"
1935,2028-02-12,"Monitor","Computación",4,481.12,0.15,1635.81,"Tienda Física","Tarjeta de Crédito"
1936,2028-02-14,"Reloj Inteligente","Wearables",3,384.43,0.1,1037.96,"Tienda Física","Transferencia"
1937,2028-02-16,"Smartphone","Móvil",2,1167.5,0,2335,"Tienda Física","Tarjeta de Crédito"
1938,2028-02-18,"Teclado Mecánico","Periféricos",5,103.98,0,519.9,"Tienda Física","Tarjeta de Crédito"
1939,2028-02-20,"Smartphone","Móvil",1,1175.77,0,1175.77,"App","Efectivo"
1940,2028-02-22,"Audífonos","Audio",3,1043.31,0.15,2660.44,"Tienda Física","Tarjeta de Crédito"
1941,2028-02-24,"Tablet","Móvil",3,795.88,0.15,2029.49,"App","Efectivo"
1942,2028-02-26,"Monitor","Computación",2,715.16,0.1,1287.29,"Tienda Física","Mercado Pago"
1943,2028-02-28,"Reloj Inteligente","Wearables",2,61.61,0.15,104.74,"Online","Transferencia"
1944,2028-03-01,"Monitor","Computación",1,1034.11,0,1034.11,"App","Tarjeta de Crédito"
1945,2028-03-03,"Laptop","Computación",2,507.18,0.1,912.92,"App","Efectivo"
1946,2028-03-05,"Monitor","Computación",1,109.34,0.15,92.94,"Online","Transferencia"
1947,2028-03-07,"Cámara Web","Accesorios",3,1299.06,0.15,3312.6,"Online","Tarjeta de Crédito"
1948,2028-03-09,"Reloj Inteligente","Wearables",5,774.17,0.1,3483.76,"Tienda Física","Mercado Pago"
1949,2028-03-11,"Teclado Mecánico","Periféricos",5,292.92,0,1464.6,"Online","Efectivo"
1950,2028-03-13,"Monitor","Computación",3,1015.09,0.05,2893.01,"App","Efectivo"
1951,2028-03-15,"Reloj Inteligente","Wearables",5,124.64,0.1,560.88,"Online","Transferencia"
1952,2028-03-17,"Tablet","Móvil",5,1158.87,0.15,4925.2,"Online","Transferencia"
1953,2028-03-19,"Tablet","Móvil",4,1172.89,0.05,4456.98,"Tienda Física","Efectivo"
1954,2028-03-21,"Audífonos","Audio",5,989.45,0,4947.25,"Online","Efectivo"
1955,2028-03-23,"Cámara Web","Accesorios",4,779.12,0.15,2649.01,"App","Mercado Pago"
1956,2028-03-25,"Teclado Mecánico","Periféricos",3,141.44,0,424.32,"Tienda Física","Mercado Pago"
1957,2028-03-27,"Smartphone","Móvil",2,719.74,0,1439.48,"Tienda Física","Tarjeta de Crédito"
1958,2028-03-29,"Monitor","Computación",3,417.29,0.1,1126.68,"Tienda Física","Efectivo"
1959,2028-03-31,"Laptop","Computación",3,1064.17,0.15,2713.63,"Online","Efectivo"
1960,2028-04-02,"Cámara Web","Accesorios",4,1227.49,0.1,4418.96,"App","Tarjeta de Crédito"
1961,2028-04-04,"Tablet","Móvil",2,95.93,0,191.86,"Tienda Física","Efectivo"
1962,2028-04-06,"Reloj Inteligente","Wearables",2,87.89,0.05,166.99,"Online","Transferencia"
1963,2028-04-08,"Cámara Web","Accesorios",5,1135.3,0,5676.5,"App","Transferencia"
1964,2028-04-10,"Reloj Inteligente","Wearables",3,1294.39,0,3883.17,"Tienda Física","Tarjeta de Crédito"
1965,2028-04-12,"Monitor","Computación",1,770.4,0.1,693.36,"App","Mercado Pago"
1966,2028-04-14,"Reloj Inteligente","Wearables",5,1072.15,0.05,5092.71,"App","Tarjeta de Crédito"
1967,2028-04-16,"Tablet","Móvil",3,1038.88,0.05,2960.81,"Online","Efectivo"
1968,2028-04-18,"Reloj Inteligente","Wearables",1,961.03,0,961.03,"App","Efectivo"
1969,2028-04-20,"Smartphone","Móvil",2,97.81,0,195.62,"Online","Transferencia"
1970,2028-04-22,"Reloj Inteligente","Wearables",3,1242.73,0.1,3355.37,"Online","Efectivo"
1971,2028-04-24,"Audífonos","Audio",1,1136.3,0.05,1079.48,"Tienda Física","Transferencia"
1972,2028-04-26,"Teclado Mecánico","Periféricos",4,381.63,0.15,1297.54,"App","Tarjeta de Crédito"
1973,2028-04-28,"Audífonos","Audio",2,737.65,0,1475.3,"Online","Tarjeta de Crédito"
1974,2028-04-30,"Audífonos","Audio",5,699.81,0.05,3324.1,"Tienda Física","Mercado Pago"
1975,2028-05-02,"Tablet","Móvil",3,1284.57,0.15,3275.65,"App","Transferencia"
1976,2028-05-04,"Laptop","Computación",1,1294.48,0.1,1165.03,"App","Tarjeta de Crédito"
1977,2028-05-06,"Tablet","Móvil",3,120.95,0.05,344.71,"Online","Tarjeta de Crédito"
1978,2028-05-08,"Tablet","Móvil",1,765,0.15,650.25,"App","Efectivo"
1979,2028-05-10,"Smartphone","Móvil",2,1293.74,0.05,2458.11,"Tienda Física","Tarjeta de Crédito"
1980,2028-05-12,"Monitor","Computación",1,1149.5,0.05,1092.02,"Tienda Física","Efectivo"
1981,2028-05-14,"Smartphone","Móvil",5,1075.65,0.1,4840.42,"App","Transferencia"
1982,2028-05-16,"Smartphone","Móvil",3,1142.7,0.05,3256.7,"Online","Mercado Pago"
1983,2028-05-18,"Cámara Web","Accesorios",1,579.3,0.15,492.4,"Tienda Física","Transferencia"
1984,2028-05-20,"Cámara Web","Accesorios",3,1251.05,0.15,3190.18,"Tienda Física","Transferencia"
1985,2028-05-22,"Teclado Mecánico","Periféricos",3,748.18,0.15,1907.86,"Online","Mercado Pago"
1986,2028-05-24,"Cámara Web","Accesorios",5,911.09,0.05,4327.68,"Online","Efectivo"
1987,2028-05-26,"Cámara Web","Accesorios",2,1147.6,0.05,2180.44,"Tienda Física","Mercado Pago"
1988,2028-05-28,"Tablet","Móvil",4,622.13,0.05,2364.09,"App","Efectivo"
1989,2028-05-30,"Monitor","Computación",5,535.29,0.15,2274.98,"Online","Tarjeta de Crédito"
1990,2028-06-01,"Tablet","Móvil",4,1042.91,0.15,3545.89,"App","Efectivo"
1991,2028-06-03,"Teclado Mecánico","Periféricos",1,262.59,0.15,223.2,"Tienda Física","Transferencia"
1992,2028-06-05,"Laptop","Computación",2,310.11,0.1,558.2,"Online","Efectivo"
1993,2028-06-07,"Reloj Inteligente","Wearables",4,921.35,0.1,3316.86,"App","Mercado Pago"
1994,2028-06-09,"Reloj Inteligente","Wearables",5,892.84,0.15,3794.57,"App","Mercado Pago"
1995,2028-06-11,"Audífonos","Audio",3,62.22,0.05,177.33,"Online","Efectivo"
1996,2028-06-13,"Cámara Web","Accesorios",3,711.95,0.1,1922.27,"App","Mercado Pago"
1997,2028-06-15,"Monitor","Computación",5,1038.61,0.1,4673.74,"Tienda Física","Transferencia"
1998,2028-06-17,"Monitor","Computación",1,874.4,0.1,786.96,"App","Efectivo"
1999,2028-06-19,"Monitor","Computación",1,825.67,0,825.67,"Tienda Física","Efectivo"
2000,2028-06-21,"Smartphone","Móvil",3,1076.9,0.05,3069.16,"Tienda Física","Mercado Pago"
